<DOMSymbolItem xmlns:xsi="http://www.w3.org/2001/XMLSchema-instance" xmlns="http://ns.adobe.com/xfl/2008/" name="元件 6" itemID="50ff9442-00000224" sourceLibraryItemHRef="元件 6" symbolType="graphic" lastModified="1358926914">
  <timeline>
    <DOMTimeline name="元件 6">
      <layers>
        <DOMLayer name="图层 1" color="#4FFF4F" current="true" isSelected="true">
          <frames>
            <DOMFrame index="0" keyMode="9728">
              <elements>
                <DOMBitmapInstance name="" referenceID="" selected="true" libraryItemName="cl-fly06.png">
                  <matrix>
                    <Matrix tx="-37.5" ty="-69"/>
                  </matrix>
                </DOMBitmapInstance>
              </elements>
            </DOMFrame>
          </frames>
        </DOMLayer>
      </layers>
    </DOMTimeline>
  </timeline>
</DOMSymbolItem>