<DOMSymbolItem xmlns:xsi="http://www.w3.org/2001/XMLSchema-instance" xmlns="http://ns.adobe.com/xfl/2008/" name="bodyupper-1" itemID="50d3e87b-0000023b" sourceLibraryItemHRef="元件 1" symbolType="graphic" lastModified="1356064936">
  <timeline>
    <DOMTimeline name="bodyupper-1">
      <layers>
        <DOMLayer name="图层 1" color="#4FFF4F" current="true" isSelected="true">
          <frames>
            <DOMFrame index="0" keyMode="9728">
              <elements>
                <DOMBitmapInstance name="" referenceID="" selected="true" libraryItemName="bodyupper-1.png">
                  <matrix>
                    <Matrix tx="-9.5" ty="-12.15"/>
                  </matrix>
                </DOMBitmapInstance>
              </elements>
            </DOMFrame>
          </frames>
        </DOMLayer>
      </layers>
    </DOMTimeline>
  </timeline>
</DOMSymbolItem>