<DOMSymbolItem xmlns:xsi="http://www.w3.org/2001/XMLSchema-instance" xmlns="http://ns.adobe.com/xfl/2008/" name="leftarm-1" itemID="50d3eca3-0000028b" sourceLibraryItemHRef="元件 1" symbolType="graphic" lastModified="1356066021">
  <timeline>
    <DOMTimeline name="leftarm-1">
      <layers>
        <DOMLayer name="图层 1" color="#4FFF4F" current="true" isSelected="true">
          <frames>
            <DOMFrame index="0" keyMode="9728">
              <elements>
                <DOMBitmapInstance name="" referenceID="" libraryItemName="leftarm-1.png">
                  <matrix>
                    <Matrix tx="-1.65" ty="-2.15"/>
                  </matrix>
                  <transformationPoint>
                    <Point x="4.75" y="4.15"/>
                  </transformationPoint>
                </DOMBitmapInstance>
                <DOMBitmapInstance name="" referenceID="" libraryItemName="leftarm-1.png">
                  <matrix>
                    <Matrix tx="-1.85" ty="-2.15"/>
                  </matrix>
                  <transformationPoint>
                    <Point x="1.85" y="2.15"/>
                  </transformationPoint>
                </DOMBitmapInstance>
              </elements>
            </DOMFrame>
          </frames>
        </DOMLayer>
      </layers>
    </DOMTimeline>
  </timeline>
</DOMSymbolItem>