<DOMSymbolItem xmlns:xsi="http://www.w3.org/2001/XMLSchema-instance" xmlns="http://ns.adobe.com/xfl/2008/" name="lefthand-1" itemID="50d3edc1-000002af" sourceLibraryItemHRef="元件 1" symbolType="graphic" lastModified="1356066542">
  <timeline>
    <DOMTimeline name="lefthand-1">
      <layers>
        <DOMLayer name="图层 1" color="#4FFF4F" current="true" isSelected="true">
          <frames>
            <DOMFrame index="0" keyMode="9728">
              <elements>
                <DOMBitmapInstance name="" referenceID="" selected="true" libraryItemName="lefthand-1.png">
                  <matrix>
                    <Matrix tx="-0.15" ty="-13"/>
                  </matrix>
                </DOMBitmapInstance>
              </elements>
            </DOMFrame>
          </frames>
        </DOMLayer>
      </layers>
    </DOMTimeline>
  </timeline>
</DOMSymbolItem>