<DOMSymbolItem xmlns:xsi="http://www.w3.org/2001/XMLSchema-instance" xmlns="http://ns.adobe.com/xfl/2008/" name="leftleg-1" itemID="50d3eee3-00000305" sourceLibraryItemHRef="元件 1" symbolType="graphic" lastModified="1356066564">
  <timeline>
    <DOMTimeline name="leftleg-1">
      <layers>
        <DOMLayer name="图层 1" color="#4FFF4F" current="true" isSelected="true">
          <frames>
            <DOMFrame index="0" keyMode="9728">
              <elements>
                <DOMBitmapInstance name="" referenceID="" selected="true" libraryItemName="leftleg-1.png">
                  <matrix>
                    <Matrix tx="-1.5" ty="-3.65"/>
                  </matrix>
                </DOMBitmapInstance>
              </elements>
            </DOMFrame>
          </frames>
        </DOMLayer>
      </layers>
    </DOMTimeline>
  </timeline>
</DOMSymbolItem>