<DOMSymbolItem xmlns:xsi="http://www.w3.org/2001/XMLSchema-instance" xmlns="http://ns.adobe.com/xfl/2008/" name="righthand-1" itemID="50d3edc8-000002b1" sourceLibraryItemHRef="元件 1" symbolType="graphic" lastModified="1356066531">
  <timeline>
    <DOMTimeline name="righthand-1">
      <layers>
        <DOMLayer name="图层 1" color="#4FFF4F" current="true" isSelected="true">
          <frames>
            <DOMFrame index="0" keyMode="9728">
              <elements>
                <DOMBitmapInstance name="" referenceID="" selected="true" libraryItemName="righthand-1.png">
                  <matrix>
                    <Matrix tx="-12.75" ty="-8.9"/>
                  </matrix>
                </DOMBitmapInstance>
              </elements>
            </DOMFrame>
          </frames>
        </DOMLayer>
      </layers>
    </DOMTimeline>
  </timeline>
</DOMSymbolItem>