<DOMSymbolItem xmlns:xsi="http://www.w3.org/2001/XMLSchema-instance" xmlns="http://ns.adobe.com/xfl/2008/" name="rightarm-1" itemID="50d3ed0e-00000295" sourceLibraryItemHRef="元件 1" symbolType="graphic" lastModified="1356066087">
  <timeline>
    <DOMTimeline name="rightarm-1">
      <layers>
        <DOMLayer name="图层 1" color="#4FFF4F" current="true" isSelected="true">
          <frames>
            <DOMFrame index="0" keyMode="9728">
              <elements>
                <DOMBitmapInstance name="" referenceID="" selected="true" libraryItemName="rightarm-1.png">
                  <matrix>
                    <Matrix tx="-6.25" ty="-2.1"/>
                  </matrix>
                  <transformationPoint>
                    <Point x="6.25" y="2.15"/>
                  </transformationPoint>
                </DOMBitmapInstance>
              </elements>
            </DOMFrame>
          </frames>
        </DOMLayer>
      </layers>
    </DOMTimeline>
  </timeline>
</DOMSymbolItem>