<DOMSymbolItem xmlns:xsi="http://www.w3.org/2001/XMLSchema-instance" xmlns="http://ns.adobe.com/xfl/2008/" name="rightfoot-1" itemID="50d3ed70-000002a4" sourceLibraryItemHRef="元件 1" symbolType="graphic" lastModified="1356066215">
  <timeline>
    <DOMTimeline name="rightfoot-1">
      <layers>
        <DOMLayer name="图层 1" color="#4FFF4F" current="true" isSelected="true">
          <frames>
            <DOMFrame index="0" keyMode="9728">
              <elements>
                <DOMBitmapInstance name="" referenceID="" selected="true" libraryItemName="rightfoot-1.png">
                  <matrix>
                    <Matrix tx="-11.25" ty="-3.65"/>
                  </matrix>
                </DOMBitmapInstance>
              </elements>
            </DOMFrame>
          </frames>
        </DOMLayer>
      </layers>
    </DOMTimeline>
  </timeline>
</DOMSymbolItem>