<DOMSymbolItem xmlns:xsi="http://www.w3.org/2001/XMLSchema-instance" xmlns="http://ns.adobe.com/xfl/2008/" name="rightleg-1" itemID="50d3ef04-0000030b" sourceLibraryItemHRef="元件 1" symbolType="graphic" lastModified="1356066569">
  <timeline>
    <DOMTimeline name="rightleg-1">
      <layers>
        <DOMLayer name="图层 1" color="#4FFF4F" current="true" isSelected="true">
          <frames>
            <DOMFrame index="0" keyMode="9728">
              <elements>
                <DOMBitmapInstance name="" referenceID="" selected="true" libraryItemName="rightleg-1.png">
                  <matrix>
                    <Matrix tx="-14.65" ty="-3.9"/>
                  </matrix>
                </DOMBitmapInstance>
              </elements>
            </DOMFrame>
          </frames>
        </DOMLayer>
      </layers>
    </DOMTimeline>
  </timeline>
</DOMSymbolItem>