<DOMSymbolItem xmlns:xsi="http://www.w3.org/2001/XMLSchema-instance" xmlns="http://ns.adobe.com/xfl/2008/" name="c-w-2" itemID="50dd54bc-000001f1" sourceLibraryItemHRef="元件 1" symbolType="graphic" lastModified="1356682434">
  <timeline>
    <DOMTimeline name="c-w-2">
      <layers>
        <DOMLayer name="图层 1" color="#4FFF4F" current="true" isSelected="true">
          <frames>
            <DOMFrame index="0" keyMode="9728">
              <elements>
                <DOMBitmapInstance name="" referenceID="" selected="true" libraryItemName="c-w-2.png">
                  <matrix>
                    <Matrix tx="-37.5" ty="-90.65"/>
                  </matrix>
                </DOMBitmapInstance>
              </elements>
            </DOMFrame>
          </frames>
        </DOMLayer>
      </layers>
    </DOMTimeline>
  </timeline>
</DOMSymbolItem>