<DOMSymbolItem xmlns:xsi="http://www.w3.org/2001/XMLSchema-instance" xmlns="http://ns.adobe.com/xfl/2008/" name="cl-run02" itemID="50dc24fb-0000020c" sourceLibraryItemHRef="元件 1" symbolType="graphic" lastModified="1356604681">
  <timeline>
    <DOMTimeline name="cl-run02">
      <layers>
        <DOMLayer name="图层 1" color="#4FFF4F" current="true" isSelected="true">
          <frames>
            <DOMFrame index="0" keyMode="9728">
              <elements>
                <DOMBitmapInstance name="" referenceID="" selected="true" libraryItemName="cl-run02.png"/>
              </elements>
            </DOMFrame>
          </frames>
        </DOMLayer>
      </layers>
    </DOMTimeline>
  </timeline>
</DOMSymbolItem>