<DOMDocument xmlns:xsi="http://www.w3.org/2001/XMLSchema-instance" xmlns="http://ns.adobe.com/xfl/2008/" width="32" height="32" currentTimeline="1" xflVersion="2.1" creatorInfo="Adobe Flash Professional CS5.5" platform="Windows" versionInfo="Saved by Adobe Flash Windows 11.5 build 325" majorVersion="11" minorVersion="5" buildNumber="325" viewAngle3D="3.46963547632381" nextSceneIdentifier="2" playOptionsPlayLoop="false" playOptionsPlayPages="false" playOptionsPlayFrameActions="false" autoSaveHasPrompted="true">
     <media>
          <DOMBitmapItem name="id_00_tile_000A79EA_pal_1E.png" itemID="53c4fe20-00000231" sourceExternalFilepath="../stand/LIBRARY/id_00_tile_000A79EA_pal_1E.png" sourceLastImported="1405418682" useImportedJPEGData="false" compressionType="lossless" originalCompressionType="lossless" quality="50" href="id_00_tile_000A79EA_pal_1E.png" bitmapDataHRef="M 4 1405421741.dat" frameRight="640" frameBottom="640"/>
          <DOMBitmapItem name="id_00_tile_000A79FA_pal_1E.png" itemID="53c4fe20-00000232" sourceExternalFilepath="../stand/LIBRARY/id_00_tile_000A79FA_pal_1E.png" sourceLastImported="1405418754" useImportedJPEGData="false" compressionType="lossless" originalCompressionType="lossless" quality="50" href="id_00_tile_000A79FA_pal_1E.png" bitmapDataHRef="M 5 1405421741.dat" frameRight="640" frameBottom="640"/>
          <DOMBitmapItem name="id_00_tile_000A7A0A_pal_1E.png" itemID="53c4fe20-00000233" sourceExternalFilepath="../stand/LIBRARY/id_00_tile_000A7A0A_pal_1E.png" sourceLastImported="1405418746" useImportedJPEGData="false" compressionType="lossless" originalCompressionType="lossless" quality="50" href="id_00_tile_000A7A0A_pal_1E.png" bitmapDataHRef="M 1 1405421741.dat" frameRight="640" frameBottom="640"/>
          <DOMBitmapItem name="id_00_tile_000A7AF0_pal_1E.png" itemID="53c4fe20-00000234" sourceExternalFilepath="../stand/LIBRARY/id_00_tile_000A7AF0_pal_1E.png" sourceLastImported="1405418738" useImportedJPEGData="false" compressionType="lossless" originalCompressionType="lossless" quality="50" href="id_00_tile_000A7AF0_pal_1E.png" bitmapDataHRef="M 2 1405421741.dat" frameRight="640" frameBottom="640"/>
          <DOMBitmapItem name="id_00_tile_000A7B7A_pal_1E.png" itemID="53c4fe20-00000235" sourceExternalFilepath="../stand/LIBRARY/id_00_tile_000A7B7A_pal_1E.png" sourceLastImported="1405418733" useImportedJPEGData="false" compressionType="lossless" originalCompressionType="lossless" quality="50" href="id_00_tile_000A7B7A_pal_1E.png" bitmapDataHRef="M 3 1405421741.dat" frameRight="640" frameBottom="960"/>
     </media>
     <symbols>
          <Include href="元件 1.xml" loadImmediate="false" itemID="53c50a71-000002d7" lastModified="1405422298"/>
     </symbols>
     <timelines>
          <DOMTimeline name="场景 1" currentFrame="6">
               <layers>
                    <DOMLayer name="图层 1" color="#4FFF4F">
                         <frames>
                              <DOMFrame index="0" duration="3" keyMode="9728">
                                   <elements>
                                        <DOMBitmapInstance libraryItemName="id_00_tile_000A7AF0_pal_1E.png">
                                             <matrix>
                                                  <Matrix tx="3.35" ty="4.35"/>
                                             </matrix>
                                        </DOMBitmapInstance>
                                   </elements>
                              </DOMFrame>
                              <DOMFrame index="3" duration="3" keyMode="9728">
                                   <elements>
                                        <DOMBitmapInstance libraryItemName="id_00_tile_000A7B7A_pal_1E.png">
                                             <matrix>
                                                  <Matrix tx="4.35" ty="-5.5"/>
                                             </matrix>
                                        </DOMBitmapInstance>
                                   </elements>
                              </DOMFrame>
                              <DOMFrame index="6" duration="4" keyMode="9728">
                                   <elements>
                                        <DOMBitmapInstance libraryItemName="id_00_tile_000A79EA_pal_1E.png">
                                             <matrix>
                                                  <Matrix tx="2.85" ty="-3.15"/>
                                             </matrix>
                                        </DOMBitmapInstance>
                                   </elements>
                              </DOMFrame>
                              <DOMFrame index="10" duration="5" keyMode="9728">
                                   <elements>
                                        <DOMBitmapInstance libraryItemName="id_00_tile_000A7A0A_pal_1E.png">
                                             <matrix>
                                                  <Matrix tx="5.35" ty="-3.65"/>
                                             </matrix>
                                        </DOMBitmapInstance>
                                   </elements>
                              </DOMFrame>
                              <DOMFrame index="15" duration="5" keyMode="9728">
                                   <elements>
                                        <DOMBitmapInstance libraryItemName="id_00_tile_000A79FA_pal_1E.png">
                                             <matrix>
                                                  <Matrix tx="-0.15" ty="-4.15"/>
                                             </matrix>
                                        </DOMBitmapInstance>
                                   </elements>
                              </DOMFrame>
                              <DOMFrame index="20" duration="4" keyMode="9728">
                                   <elements>
                                        <DOMBitmapInstance libraryItemName="id_00_tile_000A79EA_pal_1E.png">
                                             <matrix>
                                                  <Matrix tx="2.85" ty="-3.15"/>
                                             </matrix>
                                        </DOMBitmapInstance>
                                   </elements>
                              </DOMFrame>
                              <DOMFrame index="24" duration="4" keyMode="9728">
                                   <elements>
                                        <DOMBitmapInstance libraryItemName="id_00_tile_000A7B7A_pal_1E.png">
                                             <matrix>
                                                  <Matrix tx="4.85" ty="-5.5"/>
                                             </matrix>
                                        </DOMBitmapInstance>
                                   </elements>
                              </DOMFrame>
                              <DOMFrame index="28" keyMode="9728">
                                   <elements>
                                        <DOMBitmapInstance libraryItemName="id_00_tile_000A7AF0_pal_1E.png">
                                             <matrix>
                                                  <Matrix tx="3.2" ty="4.25"/>
                                             </matrix>
                                        </DOMBitmapInstance>
                                   </elements>
                              </DOMFrame>
                         </frames>
                    </DOMLayer>
                    <DOMLayer name="图层 5" color="#4FFFFF" current="true" isSelected="true">
                         <frames>
                              <DOMFrame index="0" duration="6" keyMode="9728">
                                   <elements/>
                              </DOMFrame>
                              <DOMFrame index="6" duration="14" name="state:hold" labelType="name" keyMode="9728">
                                   <elements/>
                              </DOMFrame>
                              <DOMFrame index="20" duration="9" keyMode="9728">
                                   <elements/>
                              </DOMFrame>
                         </frames>
                    </DOMLayer>
               </layers>
          </DOMTimeline>
     </timelines>
     <PrinterSettings/>
     <publishHistory/>
</DOMDocument>