<?xpacket begin="﻿" id="W5M0MpCehiHzreSzNTczkc9d"?>
<x:xmpmeta xmlns:x="adobe:ns:meta/" x:xmptk="Adobe XMP Core 5.0-c060 61.134777, 2010/02/12-17:32:00        ">
   <rdf:RDF xmlns:rdf="http://www.w3.org/1999/02/22-rdf-syntax-ns#">
      <rdf:Description rdf:about=""
            xmlns:xmp="http://ns.adobe.com/xap/1.0/">
         <xmp:CreatorTool>Adobe Flash Professional CS5.5 - build 325</xmp:CreatorTool>
         <xmp:CreateDate>2013-01-24T16:56:24+08:00</xmp:CreateDate>
         <xmp:MetadataDate>2013-01-24T17:10:56+08:00</xmp:MetadataDate>
         <xmp:ModifyDate>2013-01-24T17:10:56+08:00</xmp:ModifyDate>
      </rdf:Description>
      <rdf:Description rdf:about=""
            xmlns:dc="http://purl.org/dc/elements/1.1/">
         <dc:format>application/vnd.adobe.fla</dc:format>
      </rdf:Description>
      <rdf:Description rdf:about=""
            xmlns:xmpMM="http://ns.adobe.com/xap/1.0/mm/"
            xmlns:stRef="http://ns.adobe.com/xap/1.0/sType/ResourceRef#"
            xmlns:stEvt="http://ns.adobe.com/xap/1.0/sType/ResourceEvent#">
         <xmpMM:DerivedFrom rdf:parseType="Resource">
            <stRef:instanceID>xmp.iid:01801174072068118F62A8AF94CA32B3</stRef:instanceID>
            <stRef:documentID>xmp.did:01801174072068118F62A8AF94CA32B3</stRef:documentID>
            <stRef:originalDocumentID>xmp.did:01801174072068118F62A8AF94CA32B3</stRef:originalDocumentID>
         </xmpMM:DerivedFrom>
         <xmpMM:DocumentID>xmp.did:316834DBE165E211B646D167A75CD4AA</xmpMM:DocumentID>
         <xmpMM:InstanceID>xmp.iid:316834DBE165E211B646D167A75CD4AA</xmpMM:InstanceID>
         <xmpMM:OriginalDocumentID>xmp.did:01801174072068118F62A8AF94CA32B3</xmpMM:OriginalDocumentID>
         <xmpMM:History>
            <rdf:Seq>
               <rdf:li rdf:parseType="Resource">
                  <stEvt:action>created</stEvt:action>
                  <stEvt:instanceID>xmp.iid:01801174072068118F62A8AF94CA32B3</stEvt:instanceID>
                  <stEvt:when>2013-01-24T16:56:24+08:00</stEvt:when>
                  <stEvt:softwareAgent>Adobe Flash Professional CS5.5 - build 325</stEvt:softwareAgent>
               </rdf:li>
               <rdf:li rdf:parseType="Resource">
                  <stEvt:action>created</stEvt:action>
                  <stEvt:instanceID>xmp.iid:316834DBE165E211B646D167A75CD4AA</stEvt:instanceID>
                  <stEvt:when>2013-01-24T16:56:24+08:00</stEvt:when>
                  <stEvt:softwareAgent>Adobe Flash Professional CS5</stEvt:softwareAgent>
               </rdf:li>
            </rdf:Seq>
         </xmpMM:History>
      </rdf:Description>
   </rdf:RDF>
</x:xmpmeta>
                                                                                                    
                                                                                                    
                                                                                                    
                                                                                                    
                                                                                                    
                                                                                                    
                                                                                                    
                                                                                                    
                                                                                                    
                                                                                                    
                                                                                                    
                                                                                                    
                                                                                                    
                                                                                                    
                                                                                                    
                                                                                                    
                                                                                                    
                                                                                                    
                                                                                                    
                                                                                                    
                           
<?xpacket end="w"?>