<?xpacket begin="﻿" id="W5M0MpCehiHzreSzNTczkc9d"?>
<x:xmpmeta xmlns:x="adobe:ns:meta/" x:xmptk="Adobe XMP Core 5.2-c003 61.141987, 2011/02/22-12:03:51        ">
   <rdf:RDF xmlns:rdf="http://www.w3.org/1999/02/22-rdf-syntax-ns#">
      <rdf:Description rdf:about=""
            xmlns:xmp="http://ns.adobe.com/xap/1.0/">
         <xmp:CreatorTool>Adobe Flash Professional CS5</xmp:CreatorTool>
         <xmp:CreateDate>2012-12-27T18:56:08+08:00</xmp:CreateDate>
         <xmp:MetadataDate>2013-11-11T18:36:55+08:00</xmp:MetadataDate>
         <xmp:ModifyDate>2013-11-11T18:36:55+08:00</xmp:ModifyDate>
      </rdf:Description>
      <rdf:Description rdf:about=""
            xmlns:dc="http://purl.org/dc/elements/1.1/">
         <dc:format>application/vnd.adobe.fla</dc:format>
      </rdf:Description>
      <rdf:Description rdf:about=""
            xmlns:xmpMM="http://ns.adobe.com/xap/1.0/mm/"
            xmlns:stEvt="http://ns.adobe.com/xap/1.0/sType/ResourceEvent#">
         <xmpMM:DerivedFrom rdf:parseType="Resource"/>
         <xmpMM:DocumentID>xmp.did:F26E7F421450E211B5BC9ABAFE6B0183</xmpMM:DocumentID>
         <xmpMM:InstanceID>xmp.iid:C2CD3D2FBD4AE311A7A6C88EB02BFD1A</xmpMM:InstanceID>
         <xmpMM:OriginalDocumentID>xmp.did:F26E7F421450E211B5BC9ABAFE6B0183</xmpMM:OriginalDocumentID>
         <xmpMM:History>
            <rdf:Seq>
               <rdf:li rdf:parseType="Resource">
                  <stEvt:action>created</stEvt:action>
                  <stEvt:instanceID>xmp.iid:F26E7F421450E211B5BC9ABAFE6B0183</stEvt:instanceID>
                  <stEvt:when>2012-12-27T18:56:08+08:00</stEvt:when>
                  <stEvt:softwareAgent>Adobe Flash Professional CS5</stEvt:softwareAgent>
               </rdf:li>
               <rdf:li rdf:parseType="Resource">
                  <stEvt:action>created</stEvt:action>
                  <stEvt:instanceID>xmp.iid:A43406351550E211BC4FE2ADFD5BE290</stEvt:instanceID>
                  <stEvt:when>2012-12-27T18:56:08+08:00</stEvt:when>
                  <stEvt:softwareAgent>Adobe Flash Professional CS5</stEvt:softwareAgent>
               </rdf:li>
               <rdf:li rdf:parseType="Resource">
                  <stEvt:action>created</stEvt:action>
                  <stEvt:instanceID>xmp.iid:B77F89B6C850E2119F5CFE9829913289</stEvt:instanceID>
                  <stEvt:when>2012-12-27T18:56:08+08:00</stEvt:when>
                  <stEvt:softwareAgent>Adobe Flash Professional CS5</stEvt:softwareAgent>
               </rdf:li>
               <rdf:li rdf:parseType="Resource">
                  <stEvt:action>created</stEvt:action>
                  <stEvt:instanceID>xmp.iid:401054AC5355E211852CEF839F79AECA</stEvt:instanceID>
                  <stEvt:when>2012-12-27T18:56:08+08:00</stEvt:when>
                  <stEvt:softwareAgent>Adobe Flash Professional CS5</stEvt:softwareAgent>
               </rdf:li>
               <rdf:li rdf:parseType="Resource">
                  <stEvt:action>created</stEvt:action>
                  <stEvt:instanceID>xmp.iid:199D28D77767E211AB59FB5410608874</stEvt:instanceID>
                  <stEvt:when>2012-12-27T18:56:08+08:00</stEvt:when>
                  <stEvt:softwareAgent>Adobe Flash Professional CS5</stEvt:softwareAgent>
               </rdf:li>
               <rdf:li rdf:parseType="Resource">
                  <stEvt:action>created</stEvt:action>
                  <stEvt:instanceID>xmp.iid:C2CD3D2FBD4AE311A7A6C88EB02BFD1A</stEvt:instanceID>
                  <stEvt:when>2012-12-27T18:56:08+08:00</stEvt:when>
                  <stEvt:softwareAgent>Adobe Flash Professional CS5.5 - build 325</stEvt:softwareAgent>
               </rdf:li>
            </rdf:Seq>
         </xmpMM:History>
      </rdf:Description>
   </rdf:RDF>
</x:xmpmeta>
                                                                                                    
                                                                                                    
                                                                                                    
                                                                                                    
                                                                                                    
                                                                                                    
                                                                                                    
                                                                                                    
                                                                                                    
                                                                                                    
                                                                                                    
                                                                                                    
                                                                                                    
                                                                                                    
                                                                                                    
                                                                                                    
                                                                                                    
                                                                                                    
                                                                                                    
                                                                                                    
                           
<?xpacket end="w"?>