<DOMDocument xmlns:xsi="http://www.w3.org/2001/XMLSchema-instance" xmlns="http://ns.adobe.com/xfl/2008/" width="32" height="32" currentTimeline="1" xflVersion="2.1" creatorInfo="Adobe Flash Professional CS5.5" platform="Windows" versionInfo="Saved by Adobe Flash Windows 11.5 build 325" majorVersion="11" minorVersion="5" buildNumber="325" viewAngle3D="3.46963547632381" nextSceneIdentifier="2" playOptionsPlayLoop="false" playOptionsPlayPages="false" playOptionsPlayFrameActions="false">
     <media>
          <DOMBitmapItem name="id_00_tile_000A79B0_pal_1E.png" itemID="53c4fe20-0000022e" sourceExternalFilepath="../stand/LIBRARY/id_00_tile_000A79B0_pal_1E.png" sourceLastImported="1405418697" useImportedJPEGData="false" compressionType="lossless" originalCompressionType="lossless" quality="50" href="id_00_tile_000A79B0_pal_1E.png" bitmapDataHRef="M 2 1405420266.dat" frameRight="640" frameBottom="640"/>
          <DOMBitmapItem name="id_00_tile_000A79C0_pal_1E.png" itemID="53c4fe20-0000022f" sourceExternalFilepath="../stand/LIBRARY/id_00_tile_000A79C0_pal_1E.png" sourceLastImported="1405418691" useImportedJPEGData="false" compressionType="lossless" originalCompressionType="lossless" quality="50" href="id_00_tile_000A79C0_pal_1E.png" bitmapDataHRef="M 3 1405420266.dat" frameRight="640" frameBottom="640"/>
          <DOMBitmapItem name="id_00_tile_000A79DA_pal_1E.png" itemID="53c4fe20-00000230" sourceExternalFilepath="../stand/LIBRARY/id_00_tile_000A79DA_pal_1E.png" sourceLastImported="1405418687" useImportedJPEGData="false" compressionType="lossless" originalCompressionType="lossless" quality="50" href="id_00_tile_000A79DA_pal_1E.png" bitmapDataHRef="M 4 1405420266.dat" frameRight="640" frameBottom="640"/>
          <DOMBitmapItem name="id_00_tile_000A7C44_pal_1E.png" itemID="53c4fe20-00000239" sourceExternalFilepath="../stand/LIBRARY/id_00_tile_000A7C44_pal_1E.png" sourceLastImported="1405418702" useImportedJPEGData="false" compressionType="lossless" originalCompressionType="lossless" quality="50" href="id_00_tile_000A7C44_pal_1E.png" bitmapDataHRef="M 1 1405420266.dat" frameRight="640" frameBottom="640"/>
     </media>
     <timelines>
          <DOMTimeline name="场景 1" currentFrame="11">
               <layers>
                    <DOMLayer name="图层 2" color="#9933CC" current="true" isSelected="true">
                         <frames>
                              <DOMFrame index="0" duration="19" keyMode="9728">
                                   <elements/>
                              </DOMFrame>
                              <DOMFrame index="19" name="state:hold" labelType="name" keyMode="9728">
                                   <elements/>
                              </DOMFrame>
                         </frames>
                    </DOMLayer>
                    <DOMLayer name="图层 1" color="#4FFF4F">
                         <frames>
                              <DOMFrame index="0" duration="3" keyMode="9728">
                                   <elements>
                                        <DOMBitmapInstance libraryItemName="id_00_tile_000A79C0_pal_1E.png">
                                             <matrix>
                                                  <Matrix tx="0.35" ty="1.35"/>
                                             </matrix>
                                        </DOMBitmapInstance>
                                   </elements>
                              </DOMFrame>
                              <DOMFrame index="3" duration="2" keyMode="9728">
                                   <elements>
                                        <DOMBitmapInstance libraryItemName="id_00_tile_000A7C44_pal_1E.png">
                                             <matrix>
                                                  <Matrix tx="3.35" ty="-0.15"/>
                                             </matrix>
                                        </DOMBitmapInstance>
                                   </elements>
                              </DOMFrame>
                              <DOMFrame index="5" duration="4" keyMode="9728">
                                   <elements>
                                        <DOMBitmapInstance libraryItemName="id_00_tile_000A79DA_pal_1E.png">
                                             <matrix>
                                                  <Matrix tx="7.35" ty="0.35"/>
                                             </matrix>
                                        </DOMBitmapInstance>
                                   </elements>
                              </DOMFrame>
                              <DOMFrame index="9" duration="8" keyMode="9728">
                                   <elements>
                                        <DOMBitmapInstance libraryItemName="id_00_tile_000A79DA_pal_1E.png">
                                             <matrix>
                                                  <Matrix tx="8.35" ty="0.35"/>
                                             </matrix>
                                        </DOMBitmapInstance>
                                   </elements>
                              </DOMFrame>
                              <DOMFrame index="17" duration="3" keyMode="9728">
                                   <elements>
                                        <DOMBitmapInstance libraryItemName="id_00_tile_000A7C44_pal_1E.png">
                                             <matrix>
                                                  <Matrix tx="5.2" ty="0.5"/>
                                             </matrix>
                                        </DOMBitmapInstance>
                                   </elements>
                              </DOMFrame>
                         </frames>
                    </DOMLayer>
               </layers>
          </DOMTimeline>
     </timelines>
     <PrinterSettings/>
     <publishHistory/>
</DOMDocument>