<DOMSymbolItem xmlns:xsi="http://www.w3.org/2001/XMLSchema-instance" xmlns="http://ns.adobe.com/xfl/2008/" name="cl-stand03" itemID="50de7d32-00000217" sourceLibraryItemHRef="元件 1" symbolType="graphic" lastModified="1356758322">
  <timeline>
    <DOMTimeline name="cl-stand03">
      <layers>
        <DOMLayer name="图层 1" color="#4FFF4F" current="true" isSelected="true">
          <frames>
            <DOMFrame index="0" keyMode="9728">
              <elements>
                <DOMBitmapInstance name="" referenceID="" selected="true" libraryItemName="cl-stand03.png">
                  <matrix>
                    <Matrix tx="-36" ty="-77"/>
                  </matrix>
                </DOMBitmapInstance>
              </elements>
            </DOMFrame>
          </frames>
        </DOMLayer>
      </layers>
    </DOMTimeline>
  </timeline>
</DOMSymbolItem>