<DOMSymbolItem xmlns:xsi="http://www.w3.org/2001/XMLSchema-instance" xmlns="http://ns.adobe.com/xfl/2008/" name="cl-stand01" itemID="50de7d2b-00000216" sourceLibraryItemHRef="元件 3" symbolType="graphic" lastModified="1356758315">
  <timeline>
    <DOMTimeline name="cl-stand01">
      <layers>
        <DOMLayer name="图层 1" color="#4FFF4F" current="true" isSelected="true">
          <frames>
            <DOMFrame index="0" keyMode="9728">
              <elements>
                <DOMBitmapInstance name="" referenceID="" selected="true" libraryItemName="cl-stand01.png">
                  <matrix>
                    <Matrix tx="-36" ty="-77"/>
                  </matrix>
                </DOMBitmapInstance>
              </elements>
            </DOMFrame>
          </frames>
        </DOMLayer>
      </layers>
    </DOMTimeline>
  </timeline>
</DOMSymbolItem>