<DOMSymbolItem xmlns:xsi="http://www.w3.org/2001/XMLSchema-instance" xmlns="http://ns.adobe.com/xfl/2008/" name="元件 4" itemID="50e42f2b-00000225" sourceLibraryItemHRef="元件 4" symbolType="graphic" lastModified="1357131563">
  <timeline>
    <DOMTimeline name="元件 4">
      <layers>
        <DOMLayer name="图层 1" color="#4FFF4F" current="true" isSelected="true">
          <frames>
            <DOMFrame index="0" keyMode="9728">
              <elements>
                <DOMBitmapInstance name="" referenceID="" selected="true" libraryItemName="b4.png">
                  <transformationPoint>
                    <Point x="16" y="16"/>
                  </transformationPoint>
                </DOMBitmapInstance>
              </elements>
            </DOMFrame>
          </frames>
        </DOMLayer>
      </layers>
    </DOMTimeline>
  </timeline>
</DOMSymbolItem>