<DOMSymbolItem xmlns:xsi="http://www.w3.org/2001/XMLSchema-instance" xmlns="http://ns.adobe.com/xfl/2008/" name="元件 25" itemID="51023287-000003bc" sourceLibraryItemHRef="元件 25" symbolType="graphic" lastModified="1359103321">
  <timeline>
    <DOMTimeline name="元件 25">
      <layers>
        <DOMLayer name="图层 1" color="#4FFF4F" current="true" isSelected="true">
          <frames>
            <DOMFrame index="0" keyMode="9728">
              <elements>
                <DOMBitmapInstance name="" referenceID="" libraryItemName="hp.png">
                  <matrix>
                    <Matrix d="1.00001525878906" ty="-5"/>
                  </matrix>
                  <transformationPoint>
                    <Point x="94.5" y="5"/>
                  </transformationPoint>
                </DOMBitmapInstance>
              </elements>
            </DOMFrame>
          </frames>
        </DOMLayer>
      </layers>
    </DOMTimeline>
  </timeline>
</DOMSymbolItem>