<DOMSymbolItem xmlns:xsi="http://www.w3.org/2001/XMLSchema-instance" xmlns="http://ns.adobe.com/xfl/2008/" name="元件 10" itemID="51022a03-00000353" sourceLibraryItemHRef="元件 10" symbolType="graphic" lastModified="1359096323">
  <timeline>
    <DOMTimeline name="元件 10">
      <layers>
        <DOMLayer name="图层 1" color="#4FFF4F" current="true" isSelected="true">
          <frames>
            <DOMFrame index="0" keyMode="9728">
              <elements>
                <DOMBitmapInstance name="" referenceID="" selected="true" libraryItemName="fb (5).png">
                  <matrix>
                    <Matrix tx="-9.5" ty="-24"/>
                  </matrix>
                </DOMBitmapInstance>
              </elements>
            </DOMFrame>
          </frames>
        </DOMLayer>
      </layers>
    </DOMTimeline>
  </timeline>
</DOMSymbolItem>