<?xpacket begin="﻿" id="W5M0MpCehiHzreSzNTczkc9d"?>
<x:xmpmeta xmlns:x="adobe:ns:meta/" x:xmptk="Adobe XMP Core 5.0-c060 61.134777, 2010/02/12-17:32:00        ">
   <rdf:RDF xmlns:rdf="http://www.w3.org/1999/02/22-rdf-syntax-ns#">
      <rdf:Description rdf:about=""
            xmlns:xmp="http://ns.adobe.com/xap/1.0/">
         <xmp:CreatorTool>Adobe Flash Professional CS5</xmp:CreatorTool>
         <xmp:CreateDate>2013-01-23T17:28:17+08:00</xmp:CreateDate>
         <xmp:MetadataDate>2013-01-23T19:02:21+08:00</xmp:MetadataDate>
         <xmp:ModifyDate>2013-01-23T19:02:21+08:00</xmp:ModifyDate>
      </rdf:Description>
      <rdf:Description rdf:about=""
            xmlns:dc="http://purl.org/dc/elements/1.1/">
         <dc:format>application/vnd.adobe.fla</dc:format>
      </rdf:Description>
      <rdf:Description rdf:about=""
            xmlns:xmpMM="http://ns.adobe.com/xap/1.0/mm/"
            xmlns:stRef="http://ns.adobe.com/xap/1.0/sType/ResourceRef#"
            xmlns:stEvt="http://ns.adobe.com/xap/1.0/sType/ResourceEvent#">
         <xmpMM:DerivedFrom rdf:parseType="Resource">
            <stRef:instanceID>xmp.iid:B502C9674065E2118E9694F9C2FC8567</stRef:instanceID>
            <stRef:documentID>xmp.did:681D45483F65E211B0D5A1C41635325D</stRef:documentID>
            <stRef:originalDocumentID>xmp.did:681D45483F65E211B0D5A1C41635325D</stRef:originalDocumentID>
         </xmpMM:DerivedFrom>
         <xmpMM:DocumentID>xmp.did:8875F75B4C65E211BF1A9EA64E4C364A</xmpMM:DocumentID>
         <xmpMM:InstanceID>xmp.iid:8875F75B4C65E211BF1A9EA64E4C364A</xmpMM:InstanceID>
         <xmpMM:OriginalDocumentID>xmp.did:681D45483F65E211B0D5A1C41635325D</xmpMM:OriginalDocumentID>
         <xmpMM:History>
            <rdf:Seq>
               <rdf:li rdf:parseType="Resource">
                  <stEvt:action>created</stEvt:action>
                  <stEvt:instanceID>xmp.iid:681D45483F65E211B0D5A1C41635325D</stEvt:instanceID>
                  <stEvt:when>2013-01-23T17:28:17+08:00</stEvt:when>
                  <stEvt:softwareAgent>Adobe Flash Professional CS5</stEvt:softwareAgent>
               </rdf:li>
               <rdf:li rdf:parseType="Resource">
                  <stEvt:action>created</stEvt:action>
                  <stEvt:instanceID>xmp.iid:B502C9674065E2118E9694F9C2FC8567</stEvt:instanceID>
                  <stEvt:when>2013-01-23T17:28:17+08:00</stEvt:when>
                  <stEvt:softwareAgent>Adobe Flash Professional CS5</stEvt:softwareAgent>
               </rdf:li>
               <rdf:li rdf:parseType="Resource">
                  <stEvt:action>created</stEvt:action>
                  <stEvt:instanceID>xmp.iid:8875F75B4C65E211BF1A9EA64E4C364A</stEvt:instanceID>
                  <stEvt:when>2013-01-23T17:28:17+08:00</stEvt:when>
                  <stEvt:softwareAgent>Adobe Flash Professional CS5</stEvt:softwareAgent>
               </rdf:li>
            </rdf:Seq>
         </xmpMM:History>
      </rdf:Description>
   </rdf:RDF>
</x:xmpmeta>
                                                                                                    
                                                                                                    
                                                                                                    
                                                                                                    
                                                                                                    
                                                                                                    
                                                                                                    
                                                                                                    
                                                                                                    
                                                                                                    
                                                                                                    
                                                                                                    
                                                                                                    
                                                                                                    
                                                                                                    
                                                                                                    
                                                                                                    
                                                                                                    
                                                                                                    
                                                                                                    
                           
<?xpacket end="w"?>