<DOMDocument xmlns:xsi="http://www.w3.org/2001/XMLSchema-instance" xmlns="http://ns.adobe.com/xfl/2008/" backgroundColor="#999999" width="960" height="640" currentTimeline="1" xflVersion="2.0" creatorInfo="Adobe Flash Professional CS5" platform="Windows" versionInfo="Saved by Adobe Flash Windows 11.0 build 485" majorVersion="11" buildNumber="485" viewAngle3D="84.5182101128788" nextSceneIdentifier="2" playOptionsPlayLoop="false" playOptionsPlayPages="false" playOptionsPlayFrameActions="false">
     <media>
          <DOMBitmapItem name="b1.png" itemID="50e1b63a-000001f5" sourceExternalFilepath=".\LIBRARY\b1.png" sourceLastImported="1356969387" externalFileCRC32="3965010431" externalFileSize="6240" useImportedJPEGData="false" compressionType="lossless" originalCompressionType="lossless" quality="50" href="b1.png" bitmapDataHRef="M 1 1356969530.dat" frameRight="1280" frameBottom="1280"/>
          <DOMBitmapItem name="b2.png" itemID="50e1b63b-000001f9" sourceExternalFilepath=".\LIBRARY\b2.png" sourceLastImported="1356969425" externalFileCRC32="561893431" externalFileSize="6524" useImportedJPEGData="false" compressionType="lossless" originalCompressionType="lossless" quality="50" href="b2.png" bitmapDataHRef="M 2 1356969531.dat" frameRight="1280" frameBottom="1280"/>
          <DOMBitmapItem name="b3.png" itemID="50e1b63b-000001fd" sourceExternalFilepath=".\LIBRARY\b3.png" sourceLastImported="1356969464" externalFileCRC32="3492153596" externalFileSize="6125" useImportedJPEGData="false" compressionType="lossless" originalCompressionType="lossless" quality="50" href="b3.png" bitmapDataHRef="M 3 1356969531.dat" frameRight="1280" frameBottom="1280"/>
          <DOMBitmapItem name="b4.png" itemID="50e42f2b-00000226" sourceExternalFilepath=".\LIBRARY\b4.png" sourceLastImported="1357131533" useImportedJPEGData="false" compressionType="lossless" originalCompressionType="lossless" quality="50" href="b4.png" bitmapDataHRef="M 4 1357131544.dat" frameRight="640" frameBottom="640"/>
          <DOMBitmapItem name="fb (0).png" itemID="510229c6-0000032b" sourceExternalFilepath=".\LIBRARY\fb (0).png" sourceLastImported="1355901982" useImportedJPEGData="false" compressionType="lossless" originalCompressionType="lossless" quality="50" href="fb (0).png" bitmapDataHRef="M 28 1359096242.dat" frameRight="460" frameBottom="480"/>
          <DOMBitmapItem name="fb (1).png" itemID="51022a20-0000036c" sourceExternalFilepath=".\LIBRARY\fb (1).png" sourceLastImported="1355901982" useImportedJPEGData="false" compressionType="lossless" originalCompressionType="lossless" quality="50" href="fb (1).png" bitmapDataHRef="M 29 1359096242.dat" frameRight="260" frameBottom="460"/>
          <DOMBitmapItem name="fb (2).png" itemID="51022a1c-00000366" sourceExternalFilepath=".\LIBRARY\fb (2).png" sourceLastImported="1355901982" useImportedJPEGData="false" compressionType="lossless" originalCompressionType="lossless" quality="50" href="fb (2).png" bitmapDataHRef="M 10 1359096241.dat" frameLeft="-115200" frameTop="-115200" frameRight="-115200" frameBottom="-115200"/>
          <DOMBitmapItem name="fb (3).png" itemID="51022a17-00000360" sourceExternalFilepath=".\LIBRARY\fb (3).png" sourceLastImported="1355901982" useImportedJPEGData="false" compressionType="lossless" originalCompressionType="lossless" quality="50" href="fb (3).png" bitmapDataHRef="M 11 1359096241.dat" frameLeft="-115200" frameTop="-115200" frameRight="-115200" frameBottom="-115200"/>
          <DOMBitmapItem name="fb (4).png" itemID="51022a11-0000035a" sourceExternalFilepath=".\LIBRARY\fb (4).png" sourceLastImported="1355901982" useImportedJPEGData="false" compressionType="lossless" originalCompressionType="lossless" quality="50" href="fb (4).png" bitmapDataHRef="M 12 1359096241.dat" frameLeft="-115200" frameTop="-115200" frameRight="-115200" frameBottom="-115200"/>
          <DOMBitmapItem name="fb (5).png" itemID="51022a03-00000354" sourceExternalFilepath=".\LIBRARY\fb (5).png" sourceLastImported="1355901982" useImportedJPEGData="false" compressionType="lossless" originalCompressionType="lossless" quality="50" href="fb (5).png" bitmapDataHRef="M 13 1359096241.dat" frameLeft="-115200" frameTop="-115200" frameRight="-115200" frameBottom="-115200"/>
          <DOMBitmapItem name="fb (6).png" itemID="510229fe-0000034e" sourceExternalFilepath=".\LIBRARY\fb (6).png" sourceLastImported="1355901982" useImportedJPEGData="false" compressionType="lossless" originalCompressionType="lossless" quality="50" href="fb (6).png" bitmapDataHRef="M 14 1359096241.dat" frameLeft="-115200" frameTop="-115200" frameRight="-115200" frameBottom="-115200"/>
          <DOMBitmapItem name="fb (7).png" itemID="510229f0-00000348" sourceExternalFilepath=".\LIBRARY\fb (7).png" sourceLastImported="1355901982" useImportedJPEGData="false" compressionType="lossless" originalCompressionType="lossless" quality="50" href="fb (7).png" bitmapDataHRef="M 15 1359096241.dat" frameRight="420" frameBottom="480"/>
          <DOMBitmapItem name="fb (8).png" itemID="510229e8-00000342" sourceExternalFilepath=".\LIBRARY\fb (8).png" sourceLastImported="1355901982" useImportedJPEGData="false" compressionType="lossless" originalCompressionType="lossless" quality="50" href="fb (8).png" bitmapDataHRef="M 16 1359096241.dat" frameLeft="-115200" frameTop="-115200" frameRight="-115200" frameBottom="-115200"/>
          <DOMBitmapItem name="fb (9).png" itemID="510229e2-0000033c" sourceExternalFilepath=".\LIBRARY\fb (9).png" sourceLastImported="1355901982" useImportedJPEGData="false" compressionType="lossless" originalCompressionType="lossless" quality="50" href="fb (9).png" bitmapDataHRef="M 17 1359096241.dat" frameLeft="-115200" frameTop="-115200" frameRight="-115200" frameBottom="-115200"/>
          <DOMBitmapItem name="fs (0).png" itemID="51022a68-0000038a" sourceExternalFilepath=".\LIBRARY\fs (0).png" sourceLastImported="1355901982" useImportedJPEGData="false" compressionType="lossless" originalCompressionType="lossless" quality="50" href="fs (0).png" bitmapDataHRef="M 18 1359096242.dat" frameRight="220" frameBottom="220"/>
          <DOMBitmapItem name="fs (1).png" itemID="51022a56-0000037e" sourceExternalFilepath=".\LIBRARY\fs (1).png" sourceLastImported="1355901982" useImportedJPEGData="false" compressionType="lossless" originalCompressionType="lossless" quality="50" href="fs (1).png" bitmapDataHRef="M 19 1359096242.dat" frameLeft="-115200" frameTop="-115200" frameRight="-115200" frameBottom="-115200"/>
          <DOMBitmapItem name="fs (2).png" itemID="51022a60-00000384" sourceExternalFilepath=".\LIBRARY\fs (2).png" sourceLastImported="1355901982" useImportedJPEGData="false" compressionType="lossless" originalCompressionType="lossless" quality="50" href="fs (2).png" bitmapDataHRef="M 20 1359096242.dat" frameLeft="-115200" frameTop="-115200" frameRight="-115200" frameBottom="-115200"/>
          <DOMBitmapItem name="fs (3).png" itemID="51022a6f-00000390" sourceExternalFilepath=".\LIBRARY\fs (3).png" sourceLastImported="1355901982" useImportedJPEGData="false" compressionType="lossless" originalCompressionType="lossless" quality="50" href="fs (3).png" bitmapDataHRef="M 21 1359096242.dat" frameLeft="-115200" frameTop="-115200" frameRight="-115200" frameBottom="-115200"/>
          <DOMBitmapItem name="fs (4).png" itemID="51022a8e-000003a2" sourceExternalFilepath=".\LIBRARY\fs (4).png" sourceLastImported="1355901982" useImportedJPEGData="false" compressionType="lossless" originalCompressionType="lossless" quality="50" href="fs (4).png" bitmapDataHRef="M 22 1359096242.dat" frameLeft="-115200" frameTop="-115200" frameRight="-115200" frameBottom="-115200"/>
          <DOMBitmapItem name="fs (5).png" itemID="51022a82-0000039c" sourceExternalFilepath=".\LIBRARY\fs (5).png" sourceLastImported="1355901982" useImportedJPEGData="false" compressionType="lossless" originalCompressionType="lossless" quality="50" href="fs (5).png" bitmapDataHRef="M 23 1359096242.dat" frameLeft="-115200" frameTop="-115200" frameRight="-115200" frameBottom="-115200"/>
          <DOMBitmapItem name="fs (6).png" itemID="51022a93-000003a8" sourceExternalFilepath=".\LIBRARY\fs (6).png" sourceLastImported="1355901982" useImportedJPEGData="false" compressionType="lossless" originalCompressionType="lossless" quality="50" href="fs (6).png" bitmapDataHRef="M 24 1359096242.dat" frameLeft="-115200" frameTop="-115200" frameRight="-115200" frameBottom="-115200"/>
          <DOMBitmapItem name="fs (7).png" itemID="51022a76-00000396" sourceExternalFilepath=".\LIBRARY\fs (7).png" sourceLastImported="1355901982" useImportedJPEGData="false" compressionType="lossless" originalCompressionType="lossless" quality="50" href="fs (7).png" bitmapDataHRef="M 25 1359096242.dat" frameLeft="-115200" frameTop="-115200" frameRight="-115200" frameBottom="-115200"/>
          <DOMBitmapItem name="fs (8).png" itemID="51022ae4-000003b7" sourceExternalFilepath=".\LIBRARY\fs (8).png" sourceLastImported="1355901982" useImportedJPEGData="false" compressionType="lossless" originalCompressionType="lossless" quality="50" href="fs (8).png" bitmapDataHRef="M 26 1359096242.dat" frameRight="180" frameBottom="220"/>
          <DOMBitmapItem name="fs (9).png" itemID="51022a97-000003ae" sourceExternalFilepath=".\LIBRARY\fs (9).png" sourceLastImported="1355901982" useImportedJPEGData="false" compressionType="lossless" originalCompressionType="lossless" quality="50" href="fs (9).png" bitmapDataHRef="M 27 1359096242.dat" frameRight="200" frameBottom="220"/>
          <DOMBitmapItem name="hp.png" itemID="5102288f-000002b3" sourceExternalFilepath=".\LIBRARY\hp.png" sourceLastImported="1359095362" externalFileSize="1798" useImportedJPEGData="false" compressionType="lossless" originalCompressionType="lossless" quality="50" href="hp.png" bitmapDataHRef="M 6 1359095412.dat" frameRight="3780" frameBottom="200"/>
          <DOMBitmapItem name="hp-icon.png" itemID="510248a5-000003cc" sourceExternalFilepath=".\LIBRARY\hp-icon.png" sourceLastImported="1359104150" externalFileSize="4245" useImportedJPEGData="false" compressionType="lossless" originalCompressionType="lossless" quality="50" href="hp-icon.png" bitmapDataHRef="M 5 1359095412.dat" frameRight="4000" frameBottom="600"/>
          <DOMBitmapItem name="image 1814.png" itemID="5102288f-000002b5" sourceExternalFilepath=".\LIBRARY\image 1814.png" sourceLastImported="1355901985" externalFileSize="309" useImportedJPEGData="false" compressionType="lossless" originalCompressionType="lossless" quality="50" href="image 1814.png" bitmapDataHRef="M 9 1359095889.dat" frameRight="440" frameBottom="440"/>
          <DOMBitmapItem name="image 289.png" itemID="5102288f-000002b6" sourceExternalFilepath=".\LIBRARY\image 289.png" sourceLastImported="1355901981" externalFileSize="1391" useImportedJPEGData="false" compressionType="lossless" originalCompressionType="lossless" quality="50" href="image 289.png" bitmapDataHRef="M 7 1359095545.dat" frameRight="880" frameBottom="900"/>
          <DOMBitmapItem name="run.png" itemID="5102288f-000002b7" sourceExternalFilepath=".\LIBRARY\run.png" sourceLastImported="1359095859" externalFileSize="1010" useImportedJPEGData="false" compressionType="lossless" originalCompressionType="lossless" quality="50" href="run.png" bitmapDataHRef="M 8 1359095889.dat" frameRight="280" frameBottom="220"/>
     </media>
     <symbols>
          <Include href="元件 1.xml" itemIcon="1" loadImmediate="false"/>
          <Include href="元件 2.xml" itemIcon="1" loadImmediate="false"/>
          <Include href="元件 3.xml" itemIcon="1" loadImmediate="false"/>
          <Include href="元件 4.xml" itemIcon="1" loadImmediate="false"/>
          <Include href="元件 5.xml" itemIcon="1" loadImmediate="false"/>
          <Include href="元件 6.xml" itemIcon="1" loadImmediate="false"/>
          <Include href="元件 7.xml" itemIcon="1" loadImmediate="false"/>
          <Include href="元件 8.xml" itemIcon="1" loadImmediate="false"/>
          <Include href="元件 9.xml" itemIcon="1" loadImmediate="false"/>
          <Include href="元件 10.xml" itemIcon="1" loadImmediate="false"/>
          <Include href="元件 11.xml" itemIcon="1" loadImmediate="false"/>
          <Include href="元件 12.xml" itemIcon="1" loadImmediate="false"/>
          <Include href="元件 13.xml" itemIcon="1" loadImmediate="false"/>
          <Include href="元件 14.xml" itemIcon="1" loadImmediate="false"/>
          <Include href="元件 15.xml" itemIcon="1" loadImmediate="false"/>
          <Include href="元件 16.xml" itemIcon="1" loadImmediate="false"/>
          <Include href="元件 17.xml" itemIcon="1" loadImmediate="false"/>
          <Include href="元件 18.xml" itemIcon="1" loadImmediate="false"/>
          <Include href="元件 19.xml" itemIcon="1" loadImmediate="false"/>
          <Include href="元件 20.xml" itemIcon="1" loadImmediate="false"/>
          <Include href="元件 21.xml" itemIcon="1" loadImmediate="false"/>
          <Include href="元件 22.xml" itemIcon="1" loadImmediate="false"/>
          <Include href="元件 23.xml" itemIcon="1" loadImmediate="false"/>
          <Include href="元件 24.xml" itemIcon="1" loadImmediate="false"/>
          <Include href="元件 25.xml" itemIcon="1" loadImmediate="false"/>
     </symbols>
     <timelines>
          <DOMTimeline name="场景 1" currentFrame="1">
               <layers>
                    <DOMLayer name="血条" color="#808080" current="true" isSelected="true" autoNamed="false">
                         <frames>
                              <DOMFrame index="0" keyMode="9728">
                                   <elements>
                                        <DOMSymbolInstance libraryItemName="元件 25" name="" symbolType="graphic" loop="loop">
                                             <matrix>
                                                  <Matrix a="1.57672119140625" d="2.60000610351563" tx="112.45" ty="38.35"/>
                                             </matrix>
                                             <transformationPoint>
                                                  <Point x="148.5"/>
                                             </transformationPoint>
                                        </DOMSymbolInstance>
                                   </elements>
                              </DOMFrame>
                              <DOMFrame index="1" keyMode="9728">
                                   <elements/>
                              </DOMFrame>
                         </frames>
                    </DOMLayer>
                    <DOMLayer name="血条背景" color="#FF800A" autoNamed="false">
                         <frames>
                              <DOMFrame index="0" keyMode="9728">
                                   <elements>
                                        <DOMBitmapInstance name="" referenceID="" libraryItemName="hp-icon.png">
                                             <matrix>
                                                  <Matrix a="1.6094970703125" d="2.66667175292969" tx="92.35" ty="20"/>
                                             </matrix>
                                             <transformationPoint>
                                                  <Point x="100" y="15"/>
                                             </transformationPoint>
                                        </DOMBitmapInstance>
                                   </elements>
                              </DOMFrame>
                         </frames>
                    </DOMLayer>
                    <DOMLayer name="金币" color="#4FFFFF" autoNamed="false">
                         <frames>
                              <DOMFrame index="0" keyMode="9728">
                                   <elements>
                                        <DOMBitmapInstance name="" referenceID="" libraryItemName="image 1814.png">
                                             <matrix>
                                                  <Matrix tx="435.3" ty="71.35"/>
                                             </matrix>
                                        </DOMBitmapInstance>
                                   </elements>
                              </DOMFrame>
                         </frames>
                    </DOMLayer>
                    <DOMLayer name="跑步图标" color="#FF4FFF" autoNamed="false">
                         <frames>
                              <DOMFrame index="0" keyMode="9728">
                                   <elements>
                                        <DOMBitmapInstance name="" referenceID="" libraryItemName="run.png">
                                             <matrix>
                                                  <Matrix a="3.5704345703125" d="4.1568603515625" tx="423.3" ty="15.5"/>
                                             </matrix>
                                             <transformationPoint>
                                                  <Point x="7" y="5.5"/>
                                             </transformationPoint>
                                        </DOMBitmapInstance>
                                   </elements>
                              </DOMFrame>
                         </frames>
                    </DOMLayer>
                    <DOMLayer name="头像" color="#4FFF4F" autoNamed="false">
                         <frames>
                              <DOMFrame index="0" keyMode="9728">
                                   <elements>
                                        <DOMBitmapInstance name="" referenceID="" libraryItemName="image 289.png">
                                             <matrix>
                                                  <Matrix a="2.18182373046875" d="2.022216796875" tx="7.3" ty="15.5"/>
                                             </matrix>
                                             <transformationPoint>
                                                  <Point x="22" y="22.5"/>
                                             </transformationPoint>
                                        </DOMBitmapInstance>
                                   </elements>
                              </DOMFrame>
                         </frames>
                    </DOMLayer>
                    <DOMLayer name="图层 2" color="#9933CC">
                         <frames>
                              <DOMFrame index="0" keyMode="9728">
                                   <elements/>
                              </DOMFrame>
                         </frames>
                    </DOMLayer>
                    <DOMLayer name="fs (0).png" color="#4F80FF" autoNamed="false">
                         <frames>
                              <DOMFrame index="0" keyMode="9728">
                                   <elements>
                                        <DOMBitmapInstance name="" referenceID="" libraryItemName="fs (0).png">
                                             <matrix>
                                                  <Matrix a="1.90908813476563" d="2.272705078125" tx="480.8" ty="72.85"/>
                                             </matrix>
                                             <transformationPoint>
                                                  <Point x="5.5" y="5.5"/>
                                             </transformationPoint>
                                        </DOMBitmapInstance>
                                   </elements>
                              </DOMFrame>
                         </frames>
                    </DOMLayer>
                    <DOMLayer name="fb (0).png" color="#FF4F4F" autoNamed="false">
                         <frames>
                              <DOMFrame index="0" keyMode="9728">
                                   <elements>
                                        <DOMBitmapInstance name="" referenceID="" libraryItemName="fb (0).png">
                                             <matrix>
                                                  <Matrix a="2.13043212890625" d="2.13043212890625" tx="481.8" ty="15.5"/>
                                             </matrix>
                                             <transformationPoint>
                                                  <Point x="11.5" y="11.85"/>
                                             </transformationPoint>
                                        </DOMBitmapInstance>
                                   </elements>
                              </DOMFrame>
                         </frames>
                    </DOMLayer>
                    <DOMLayer name="元件 3" color="#9933CC" autoNamed="false">
                         <frames>
                              <DOMFrame index="0" keyMode="9728">
                                   <elements>
                                        <DOMSymbolInstance libraryItemName="元件 3" name="" symbolType="graphic" centerPoint3DX="136.2" centerPoint3DY="507.85" loop="loop">
                                             <matrix>
                                                  <Matrix a="2.41477966308594" b="-0.639129638671875" c="0.639129638671875" d="2.41477966308594" tx="38" ty="451.45"/>
                                             </matrix>
                                             <transformationPoint>
                                                  <Point x="32" y="32"/>
                                             </transformationPoint>
                                        </DOMSymbolInstance>
                                   </elements>
                              </DOMFrame>
                         </frames>
                    </DOMLayer>
                    <DOMLayer name="元件 2" color="#FF800A" autoNamed="false">
                         <frames>
                              <DOMFrame index="0" keyMode="9728">
                                   <elements>
                                        <DOMSymbolInstance libraryItemName="元件 2" name="" centerPoint3DX="814.75" centerPoint3DY="508.8">
                                             <matrix>
                                                  <Matrix a="1.69033813476563" b="0.447402954101563" c="-0.447402954101563" d="1.69033813476563" tx="775" ty="440.55"/>
                                             </matrix>
                                             <transformationPoint>
                                                  <Point x="32.05" y="31.95"/>
                                             </transformationPoint>
                                        </DOMSymbolInstance>
                                   </elements>
                              </DOMFrame>
                         </frames>
                    </DOMLayer>
                    <DOMLayer name="元件 1" color="#FF4FFF" autoNamed="false">
                         <frames>
                              <DOMFrame index="0" keyMode="9728">
                                   <elements/>
                              </DOMFrame>
                         </frames>
                    </DOMLayer>
                    <DOMLayer name="元件 4" color="#9933CC" autoNamed="false">
                         <frames>
                              <DOMFrame index="0" keyMode="9728">
                                   <elements>
                                        <DOMSymbolInstance libraryItemName="元件 4" name="" symbolType="graphic" loop="loop">
                                             <matrix>
                                                  <Matrix a="2.125" d="2.125" tx="826.3" ty="43.35"/>
                                             </matrix>
                                             <transformationPoint>
                                                  <Point x="16" y="16"/>
                                             </transformationPoint>
                                        </DOMSymbolInstance>
                                   </elements>
                              </DOMFrame>
                         </frames>
                    </DOMLayer>
               </layers>
          </DOMTimeline>
     </timelines>
     <swatchLists>
          <swatchList>
               <swatches>
                    <SolidSwatchItem/>
                    <SolidSwatchItem/>
                    <SolidSwatchItem/>
                    <SolidSwatchItem/>
                    <SolidSwatchItem color="#003300" hue="80" saturation="239" brightness="24"/>
                    <SolidSwatchItem color="#006600" hue="80" saturation="239" brightness="48"/>
                    <SolidSwatchItem color="#009900" hue="80" saturation="239" brightness="72"/>
                    <SolidSwatchItem color="#00CC00" hue="80" saturation="239" brightness="96"/>
                    <SolidSwatchItem color="#00FF00" hue="80" saturation="239" brightness="120"/>
                    <SolidSwatchItem color="#330000" saturation="239" brightness="24"/>
                    <SolidSwatchItem color="#333300" hue="40" saturation="239" brightness="24"/>
                    <SolidSwatchItem color="#336600" hue="60" saturation="239" brightness="48"/>
                    <SolidSwatchItem color="#339900" hue="67" saturation="239" brightness="72"/>
                    <SolidSwatchItem color="#33CC00" hue="70" saturation="239" brightness="96"/>
                    <SolidSwatchItem color="#33FF00" hue="72" saturation="239" brightness="120"/>
                    <SolidSwatchItem color="#660000" saturation="239" brightness="48"/>
                    <SolidSwatchItem color="#663300" hue="20" saturation="239" brightness="48"/>
                    <SolidSwatchItem color="#666600" hue="40" saturation="239" brightness="48"/>
                    <SolidSwatchItem color="#669900" hue="53" saturation="239" brightness="72"/>
                    <SolidSwatchItem color="#66CC00" hue="60" saturation="239" brightness="96"/>
                    <SolidSwatchItem color="#66FF00" hue="64" saturation="239" brightness="120"/>
                    <SolidSwatchItem/>
                    <SolidSwatchItem color="#333333" brightness="48"/>
                    <SolidSwatchItem/>
                    <SolidSwatchItem color="#000033" hue="160" saturation="239" brightness="24"/>
                    <SolidSwatchItem color="#003333" hue="120" saturation="239" brightness="24"/>
                    <SolidSwatchItem color="#006633" hue="100" saturation="239" brightness="48"/>
                    <SolidSwatchItem color="#009933" hue="93" saturation="239" brightness="72"/>
                    <SolidSwatchItem color="#00CC33" hue="90" saturation="239" brightness="96"/>
                    <SolidSwatchItem color="#00FF33" hue="88" saturation="239" brightness="120"/>
                    <SolidSwatchItem color="#330033" hue="200" saturation="239" brightness="24"/>
                    <SolidSwatchItem color="#333333" brightness="48"/>
                    <SolidSwatchItem color="#336633" hue="80" saturation="80" brightness="72"/>
                    <SolidSwatchItem color="#339933" hue="80" saturation="120" brightness="96"/>
                    <SolidSwatchItem color="#33CC33" hue="80" saturation="144" brightness="120"/>
                    <SolidSwatchItem color="#33FF33" hue="80" saturation="239" brightness="144"/>
                    <SolidSwatchItem color="#660033" hue="220" saturation="239" brightness="48"/>
                    <SolidSwatchItem color="#663333" saturation="80" brightness="72"/>
                    <SolidSwatchItem color="#666633" hue="40" saturation="80" brightness="72"/>
                    <SolidSwatchItem color="#669933" hue="60" saturation="120" brightness="96"/>
                    <SolidSwatchItem color="#66CC33" hue="67" saturation="144" brightness="120"/>
                    <SolidSwatchItem color="#66FF33" hue="70" saturation="239" brightness="144"/>
                    <SolidSwatchItem/>
                    <SolidSwatchItem color="#666666" brightness="96"/>
                    <SolidSwatchItem/>
                    <SolidSwatchItem color="#000066" hue="160" saturation="239" brightness="48"/>
                    <SolidSwatchItem color="#003366" hue="140" saturation="239" brightness="48"/>
                    <SolidSwatchItem color="#006666" hue="120" saturation="239" brightness="48"/>
                    <SolidSwatchItem color="#009966" hue="107" saturation="239" brightness="72"/>
                    <SolidSwatchItem color="#00CC66" hue="100" saturation="239" brightness="96"/>
                    <SolidSwatchItem color="#00FF66" hue="96" saturation="239" brightness="120"/>
                    <SolidSwatchItem color="#330066" hue="180" saturation="239" brightness="48"/>
                    <SolidSwatchItem color="#333366" hue="160" saturation="80" brightness="72"/>
                    <SolidSwatchItem color="#336666" hue="120" saturation="80" brightness="72"/>
                    <SolidSwatchItem color="#339966" hue="100" saturation="120" brightness="96"/>
                    <SolidSwatchItem color="#33CC66" hue="93" saturation="144" brightness="120"/>
                    <SolidSwatchItem color="#33FF66" hue="90" saturation="239" brightness="144"/>
                    <SolidSwatchItem color="#660066" hue="200" saturation="239" brightness="48"/>
                    <SolidSwatchItem color="#663366" hue="200" saturation="80" brightness="72"/>
                    <SolidSwatchItem color="#666666" brightness="96"/>
                    <SolidSwatchItem color="#669966" hue="80" saturation="48" brightness="120"/>
                    <SolidSwatchItem color="#66CC66" hue="80" saturation="120" brightness="144"/>
                    <SolidSwatchItem color="#66FF66" hue="80" saturation="239" brightness="168"/>
                    <SolidSwatchItem/>
                    <SolidSwatchItem color="#999999" brightness="144"/>
                    <SolidSwatchItem/>
                    <SolidSwatchItem color="#000099" hue="160" saturation="239" brightness="72"/>
                    <SolidSwatchItem color="#003399" hue="147" saturation="239" brightness="72"/>
                    <SolidSwatchItem color="#006699" hue="133" saturation="239" brightness="72"/>
                    <SolidSwatchItem color="#009999" hue="120" saturation="239" brightness="72"/>
                    <SolidSwatchItem color="#00CC99" hue="110" saturation="239" brightness="96"/>
                    <SolidSwatchItem color="#00FF99" hue="104" saturation="239" brightness="120"/>
                    <SolidSwatchItem color="#330099" hue="173" saturation="239" brightness="72"/>
                    <SolidSwatchItem color="#333399" hue="160" saturation="120" brightness="96"/>
                    <SolidSwatchItem color="#336699" hue="140" saturation="120" brightness="96"/>
                    <SolidSwatchItem color="#339999" hue="120" saturation="120" brightness="96"/>
                    <SolidSwatchItem color="#33CC99" hue="107" saturation="144" brightness="120"/>
                    <SolidSwatchItem color="#33FF99" hue="100" saturation="239" brightness="144"/>
                    <SolidSwatchItem color="#660099" hue="187" saturation="239" brightness="72"/>
                    <SolidSwatchItem color="#663399" hue="180" saturation="120" brightness="96"/>
                    <SolidSwatchItem color="#666699" hue="160" saturation="48" brightness="120"/>
                    <SolidSwatchItem color="#669999" hue="120" saturation="48" brightness="120"/>
                    <SolidSwatchItem color="#66CC99" hue="100" saturation="120" brightness="144"/>
                    <SolidSwatchItem color="#66FF99" hue="93" saturation="239" brightness="168"/>
                    <SolidSwatchItem/>
                    <SolidSwatchItem color="#CCCCCC" brightness="192"/>
                    <SolidSwatchItem/>
                    <SolidSwatchItem color="#0000CC" hue="160" saturation="239" brightness="96"/>
                    <SolidSwatchItem color="#0033CC" hue="150" saturation="239" brightness="96"/>
                    <SolidSwatchItem color="#0066CC" hue="140" saturation="239" brightness="96"/>
                    <SolidSwatchItem color="#0099CC" hue="130" saturation="239" brightness="96"/>
                    <SolidSwatchItem color="#00CCCC" hue="120" saturation="239" brightness="96"/>
                    <SolidSwatchItem color="#00FFCC" hue="112" saturation="239" brightness="120"/>
                    <SolidSwatchItem color="#3300CC" hue="170" saturation="239" brightness="96"/>
                    <SolidSwatchItem color="#3333CC" hue="160" saturation="144" brightness="120"/>
                    <SolidSwatchItem color="#3366CC" hue="147" saturation="144" brightness="120"/>
                    <SolidSwatchItem color="#3399CC" hue="133" saturation="144" brightness="120"/>
                    <SolidSwatchItem color="#33CCCC" hue="120" saturation="144" brightness="120"/>
                    <SolidSwatchItem color="#33FFCC" hue="110" saturation="239" brightness="144"/>
                    <SolidSwatchItem color="#6600CC" hue="180" saturation="239" brightness="96"/>
                    <SolidSwatchItem color="#6633CC" hue="173" saturation="144" brightness="120"/>
                    <SolidSwatchItem color="#6666CC" hue="160" saturation="120" brightness="144"/>
                    <SolidSwatchItem color="#6699CC" hue="140" saturation="120" brightness="144"/>
                    <SolidSwatchItem color="#66CCCC" hue="120" saturation="120" brightness="144"/>
                    <SolidSwatchItem color="#66FFCC" hue="107" saturation="239" brightness="168"/>
                    <SolidSwatchItem/>
                    <SolidSwatchItem color="#FFFFFF" brightness="240"/>
                    <SolidSwatchItem/>
                    <SolidSwatchItem color="#0000FF" hue="160" saturation="239" brightness="120"/>
                    <SolidSwatchItem color="#0033FF" hue="152" saturation="239" brightness="120"/>
                    <SolidSwatchItem color="#0066FF" hue="144" saturation="239" brightness="120"/>
                    <SolidSwatchItem color="#0099FF" hue="136" saturation="239" brightness="120"/>
                    <SolidSwatchItem color="#00CCFF" hue="128" saturation="239" brightness="120"/>
                    <SolidSwatchItem color="#00FFFF" hue="120" saturation="239" brightness="120"/>
                    <SolidSwatchItem color="#3300FF" hue="168" saturation="239" brightness="120"/>
                    <SolidSwatchItem color="#3333FF" hue="160" saturation="239" brightness="144"/>
                    <SolidSwatchItem color="#3366FF" hue="150" saturation="239" brightness="144"/>
                    <SolidSwatchItem color="#3399FF" hue="140" saturation="239" brightness="144"/>
                    <SolidSwatchItem color="#33CCFF" hue="130" saturation="239" brightness="144"/>
                    <SolidSwatchItem color="#33FFFF" hue="120" saturation="239" brightness="144"/>
                    <SolidSwatchItem color="#6600FF" hue="176" saturation="239" brightness="120"/>
                    <SolidSwatchItem color="#6633FF" hue="170" saturation="239" brightness="144"/>
                    <SolidSwatchItem color="#6666FF" hue="160" saturation="239" brightness="168"/>
                    <SolidSwatchItem color="#6699FF" hue="147" saturation="239" brightness="168"/>
                    <SolidSwatchItem color="#66CCFF" hue="133" saturation="239" brightness="168"/>
                    <SolidSwatchItem color="#66FFFF" hue="120" saturation="239" brightness="168"/>
                    <SolidSwatchItem/>
                    <SolidSwatchItem color="#FF0000" saturation="239" brightness="120"/>
                    <SolidSwatchItem/>
                    <SolidSwatchItem color="#990000" saturation="239" brightness="72"/>
                    <SolidSwatchItem color="#993300" hue="13" saturation="239" brightness="72"/>
                    <SolidSwatchItem color="#996600" hue="27" saturation="239" brightness="72"/>
                    <SolidSwatchItem color="#999900" hue="40" saturation="239" brightness="72"/>
                    <SolidSwatchItem color="#99CC00" hue="50" saturation="239" brightness="96"/>
                    <SolidSwatchItem color="#99FF00" hue="56" saturation="239" brightness="120"/>
                    <SolidSwatchItem color="#CC0000" saturation="239" brightness="96"/>
                    <SolidSwatchItem color="#CC3300" hue="10" saturation="239" brightness="96"/>
                    <SolidSwatchItem color="#CC6600" hue="20" saturation="239" brightness="96"/>
                    <SolidSwatchItem color="#CC9900" hue="30" saturation="239" brightness="96"/>
                    <SolidSwatchItem color="#CCCC00" hue="40" saturation="239" brightness="96"/>
                    <SolidSwatchItem color="#CCFF00" hue="48" saturation="239" brightness="120"/>
                    <SolidSwatchItem color="#FF0000" saturation="239" brightness="120"/>
                    <SolidSwatchItem color="#FF3300" hue="8" saturation="239" brightness="120"/>
                    <SolidSwatchItem color="#FF6600" hue="16" saturation="239" brightness="120"/>
                    <SolidSwatchItem color="#FF9900" hue="24" saturation="239" brightness="120"/>
                    <SolidSwatchItem color="#FFCC00" hue="32" saturation="239" brightness="120"/>
                    <SolidSwatchItem color="#FFFF00" hue="40" saturation="239" brightness="120"/>
                    <SolidSwatchItem/>
                    <SolidSwatchItem color="#00FF00" hue="80" saturation="239" brightness="120"/>
                    <SolidSwatchItem/>
                    <SolidSwatchItem color="#990033" hue="227" saturation="239" brightness="72"/>
                    <SolidSwatchItem color="#993333" saturation="120" brightness="96"/>
                    <SolidSwatchItem color="#996633" hue="20" saturation="120" brightness="96"/>
                    <SolidSwatchItem color="#999933" hue="40" saturation="120" brightness="96"/>
                    <SolidSwatchItem color="#99CC33" hue="53" saturation="144" brightness="120"/>
                    <SolidSwatchItem color="#99FF33" hue="60" saturation="239" brightness="144"/>
                    <SolidSwatchItem color="#CC0033" hue="230" saturation="239" brightness="96"/>
                    <SolidSwatchItem color="#CC3333" saturation="144" brightness="120"/>
                    <SolidSwatchItem color="#CC6633" hue="13" saturation="144" brightness="120"/>
                    <SolidSwatchItem color="#CC9933" hue="27" saturation="144" brightness="120"/>
                    <SolidSwatchItem color="#CCCC33" hue="40" saturation="144" brightness="120"/>
                    <SolidSwatchItem color="#CCFF33" hue="50" saturation="239" brightness="144"/>
                    <SolidSwatchItem color="#FF0033" hue="232" saturation="239" brightness="120"/>
                    <SolidSwatchItem color="#FF3333" saturation="239" brightness="144"/>
                    <SolidSwatchItem color="#FF6633" hue="10" saturation="239" brightness="144"/>
                    <SolidSwatchItem color="#FF9933" hue="20" saturation="239" brightness="144"/>
                    <SolidSwatchItem color="#FFCC33" hue="30" saturation="239" brightness="144"/>
                    <SolidSwatchItem color="#FFFF33" hue="40" saturation="239" brightness="144"/>
                    <SolidSwatchItem/>
                    <SolidSwatchItem color="#0000FF" hue="160" saturation="239" brightness="120"/>
                    <SolidSwatchItem/>
                    <SolidSwatchItem color="#990066" hue="213" saturation="239" brightness="72"/>
                    <SolidSwatchItem color="#993366" hue="220" saturation="120" brightness="96"/>
                    <SolidSwatchItem color="#996666" saturation="48" brightness="120"/>
                    <SolidSwatchItem color="#999966" hue="40" saturation="48" brightness="120"/>
                    <SolidSwatchItem color="#99CC66" hue="60" saturation="120" brightness="144"/>
                    <SolidSwatchItem color="#99FF66" hue="67" saturation="239" brightness="168"/>
                    <SolidSwatchItem color="#CC0066" hue="220" saturation="239" brightness="96"/>
                    <SolidSwatchItem color="#CC3366" hue="227" saturation="144" brightness="120"/>
                    <SolidSwatchItem color="#CC6666" saturation="120" brightness="144"/>
                    <SolidSwatchItem color="#CC9966" hue="20" saturation="120" brightness="144"/>
                    <SolidSwatchItem color="#CCCC66" hue="40" saturation="120" brightness="144"/>
                    <SolidSwatchItem color="#CCFF66" hue="53" saturation="239" brightness="168"/>
                    <SolidSwatchItem color="#FF0066" hue="224" saturation="239" brightness="120"/>
                    <SolidSwatchItem color="#FF3366" hue="230" saturation="239" brightness="144"/>
                    <SolidSwatchItem color="#FF6666" saturation="239" brightness="168"/>
                    <SolidSwatchItem color="#FF9966" hue="13" saturation="239" brightness="168"/>
                    <SolidSwatchItem color="#FFCC66" hue="27" saturation="239" brightness="168"/>
                    <SolidSwatchItem color="#FFFF66" hue="40" saturation="239" brightness="168"/>
                    <SolidSwatchItem/>
                    <SolidSwatchItem color="#FFFF00" hue="40" saturation="239" brightness="120"/>
                    <SolidSwatchItem/>
                    <SolidSwatchItem color="#990099" hue="200" saturation="239" brightness="72"/>
                    <SolidSwatchItem color="#993399" hue="200" saturation="120" brightness="96"/>
                    <SolidSwatchItem color="#996699" hue="200" saturation="48" brightness="120"/>
                    <SolidSwatchItem color="#999999" brightness="144"/>
                    <SolidSwatchItem color="#99CC99" hue="80" saturation="80" brightness="168"/>
                    <SolidSwatchItem color="#99FF99" hue="80" saturation="239" brightness="192"/>
                    <SolidSwatchItem color="#CC0099" hue="210" saturation="239" brightness="96"/>
                    <SolidSwatchItem color="#CC3399" hue="213" saturation="144" brightness="120"/>
                    <SolidSwatchItem color="#CC6699" hue="220" saturation="120" brightness="144"/>
                    <SolidSwatchItem color="#CC9999" saturation="80" brightness="168"/>
                    <SolidSwatchItem color="#CCCC99" hue="40" saturation="80" brightness="168"/>
                    <SolidSwatchItem color="#CCFF99" hue="60" saturation="239" brightness="192"/>
                    <SolidSwatchItem color="#FF0099" hue="216" saturation="239" brightness="120"/>
                    <SolidSwatchItem color="#FF3399" hue="220" saturation="239" brightness="144"/>
                    <SolidSwatchItem color="#FF6699" hue="227" saturation="239" brightness="168"/>
                    <SolidSwatchItem color="#FF9999" saturation="239" brightness="192"/>
                    <SolidSwatchItem color="#FFCC99" hue="20" saturation="239" brightness="192"/>
                    <SolidSwatchItem color="#FFFF99" hue="40" saturation="239" brightness="192"/>
                    <SolidSwatchItem/>
                    <SolidSwatchItem color="#00FFFF" hue="120" saturation="239" brightness="120"/>
                    <SolidSwatchItem/>
                    <SolidSwatchItem color="#9900CC" hue="190" saturation="239" brightness="96"/>
                    <SolidSwatchItem color="#9933CC" hue="187" saturation="144" brightness="120"/>
                    <SolidSwatchItem color="#9966CC" hue="180" saturation="120" brightness="144"/>
                    <SolidSwatchItem color="#9999CC" hue="160" saturation="80" brightness="168"/>
                    <SolidSwatchItem color="#99CCCC" hue="120" saturation="80" brightness="168"/>
                    <SolidSwatchItem color="#99FFCC" hue="100" saturation="239" brightness="192"/>
                    <SolidSwatchItem color="#CC00CC" hue="200" saturation="239" brightness="96"/>
                    <SolidSwatchItem color="#CC33CC" hue="200" saturation="144" brightness="120"/>
                    <SolidSwatchItem color="#CC66CC" hue="200" saturation="120" brightness="144"/>
                    <SolidSwatchItem color="#CC99CC" hue="200" saturation="80" brightness="168"/>
                    <SolidSwatchItem color="#CCCCCC" brightness="192"/>
                    <SolidSwatchItem color="#CCFFCC" hue="80" saturation="239" brightness="216"/>
                    <SolidSwatchItem color="#FF00CC" hue="208" saturation="239" brightness="120"/>
                    <SolidSwatchItem color="#FF33CC" hue="210" saturation="239" brightness="144"/>
                    <SolidSwatchItem color="#FF66CC" hue="213" saturation="239" brightness="168"/>
                    <SolidSwatchItem color="#FF99CC" hue="220" saturation="239" brightness="192"/>
                    <SolidSwatchItem color="#FFCCCC" saturation="239" brightness="216"/>
                    <SolidSwatchItem color="#FFFFCC" hue="40" saturation="239" brightness="216"/>
                    <SolidSwatchItem/>
                    <SolidSwatchItem color="#FF00FF" hue="200" saturation="239" brightness="120"/>
                    <SolidSwatchItem/>
                    <SolidSwatchItem color="#9900FF" hue="184" saturation="239" brightness="120"/>
                    <SolidSwatchItem color="#9933FF" hue="180" saturation="239" brightness="144"/>
                    <SolidSwatchItem color="#9966FF" hue="173" saturation="239" brightness="168"/>
                    <SolidSwatchItem color="#9999FF" hue="160" saturation="239" brightness="192"/>
                    <SolidSwatchItem color="#99CCFF" hue="140" saturation="239" brightness="192"/>
                    <SolidSwatchItem color="#99FFFF" hue="120" saturation="239" brightness="192"/>
                    <SolidSwatchItem color="#CC00FF" hue="192" saturation="239" brightness="120"/>
                    <SolidSwatchItem color="#CC33FF" hue="190" saturation="239" brightness="144"/>
                    <SolidSwatchItem color="#CC66FF" hue="187" saturation="239" brightness="168"/>
                    <SolidSwatchItem color="#CC99FF" hue="180" saturation="239" brightness="192"/>
                    <SolidSwatchItem color="#CCCCFF" hue="160" saturation="239" brightness="216"/>
                    <SolidSwatchItem color="#CCFFFF" hue="120" saturation="239" brightness="216"/>
                    <SolidSwatchItem color="#FF00FF" hue="200" saturation="239" brightness="120"/>
                    <SolidSwatchItem color="#FF33FF" hue="200" saturation="239" brightness="144"/>
                    <SolidSwatchItem color="#FF66FF" hue="200" saturation="239" brightness="168"/>
                    <SolidSwatchItem color="#FF99FF" hue="200" saturation="239" brightness="192"/>
                    <SolidSwatchItem color="#FFCCFF" hue="200" saturation="239" brightness="216"/>
                    <SolidSwatchItem color="#FFFFFF" brightness="240"/>
               </swatches>
          </swatchList>
     </swatchLists>
     <extendedSwatchLists>
          <swatchList>
               <swatches>
                    <LinearGradientSwatchItem>
                         <GradientEntry color="#FFFFFF" ratio="0"/>
                         <GradientEntry ratio="1"/>
                    </LinearGradientSwatchItem>
                    <RadialGradientSwatchItem>
                         <GradientEntry color="#FFFFFF" ratio="0"/>
                         <GradientEntry ratio="1"/>
                    </RadialGradientSwatchItem>
                    <RadialGradientSwatchItem>
                         <GradientEntry color="#FF0000" ratio="0"/>
                         <GradientEntry ratio="1"/>
                    </RadialGradientSwatchItem>
                    <RadialGradientSwatchItem>
                         <GradientEntry color="#00FF00" ratio="0"/>
                         <GradientEntry ratio="1"/>
                    </RadialGradientSwatchItem>
                    <RadialGradientSwatchItem>
                         <GradientEntry color="#0000FF" ratio="0"/>
                         <GradientEntry ratio="1"/>
                    </RadialGradientSwatchItem>
                    <LinearGradientSwatchItem>
                         <GradientEntry color="#0066FD" ratio="0"/>
                         <GradientEntry color="#FFFFFF" ratio="0.376470588235294"/>
                         <GradientEntry color="#FFFFFF" ratio="0.47843137254902"/>
                         <GradientEntry color="#996600" ratio="0.501960784313725"/>
                         <GradientEntry color="#FFCC00" ratio="0.666666666666667"/>
                         <GradientEntry color="#FFFFFF" ratio="1"/>
                    </LinearGradientSwatchItem>
                    <LinearGradientSwatchItem>
                         <GradientEntry color="#FF0000" ratio="0"/>
                         <GradientEntry color="#FFFF00" ratio="0.164705882352941"/>
                         <GradientEntry color="#00FF00" ratio="0.364705882352941"/>
                         <GradientEntry color="#00FFFF" ratio="0.498039215686275"/>
                         <GradientEntry color="#0000FF" ratio="0.666666666666667"/>
                         <GradientEntry color="#FF00FF" ratio="0.831372549019608"/>
                         <GradientEntry color="#FF0000" ratio="1"/>
                    </LinearGradientSwatchItem>
               </swatches>
          </swatchList>
     </extendedSwatchLists>
     <PrinterSettings/>
     <publishHistory/>
</DOMDocument>