<DOMSymbolItem xmlns:xsi="http://www.w3.org/2001/XMLSchema-instance" xmlns="http://ns.adobe.com/xfl/2008/" name="元件 2" itemID="50dfc0dc-000002a6" sourceLibraryItemHRef="元件 2" symbolType="graphic" lastModified="1356841180">
  <timeline>
    <DOMTimeline name="元件 2">
      <layers>
        <DOMLayer name="图层 1" color="#4FFF4F" current="true" isSelected="true">
          <frames>
            <DOMFrame index="0" keyMode="9728">
              <elements>
                <DOMBitmapInstance name="" referenceID="" selected="true" libraryItemName="1S_02_BG_02.png">
                  <matrix>
                    <Matrix tx="-128" ty="-256"/>
                  </matrix>
                </DOMBitmapInstance>
              </elements>
            </DOMFrame>
          </frames>
        </DOMLayer>
      </layers>
    </DOMTimeline>
  </timeline>
</DOMSymbolItem>