<DOMDocument xmlns:xsi="http://www.w3.org/2001/XMLSchema-instance" xmlns="http://ns.adobe.com/xfl/2008/" width="32" height="32" currentTimeline="1" xflVersion="2.1" creatorInfo="Adobe Flash Professional CS5.5" platform="Windows" versionInfo="Saved by Adobe Flash Windows 11.5 build 325" majorVersion="11" minorVersion="5" buildNumber="325" viewAngle3D="3.46963547632381" nextSceneIdentifier="2" playOptionsPlayLoop="false" playOptionsPlayPages="false" playOptionsPlayFrameActions="false" autoSaveHasPrompted="true">
     <media>
          <DOMBitmapItem name="id_00_tile_000A79B0_pal_1E.png" itemID="53c4fe20-0000022e" sourceExternalFilepath="../stand/LIBRARY/id_00_tile_000A79B0_pal_1E.png" sourceLastImported="1405418697" externalFileSize="3494" useImportedJPEGData="false" compressionType="lossless" originalCompressionType="lossless" quality="50" href="id_00_tile_000A79B0_pal_1E.png" bitmapDataHRef="M 9 1405419037.dat" frameRight="640" frameBottom="640"/>
          <DOMBitmapItem name="id_00_tile_000A79C0_pal_1E.png" itemID="53c4fe20-0000022f" sourceExternalFilepath="../stand/LIBRARY/id_00_tile_000A79C0_pal_1E.png" sourceLastImported="1405418691" externalFileSize="3514" useImportedJPEGData="false" compressionType="lossless" originalCompressionType="lossless" quality="50" href="id_00_tile_000A79C0_pal_1E.png" bitmapDataHRef="M 10 1405419037.dat" frameRight="640" frameBottom="640"/>
          <DOMBitmapItem name="id_00_tile_000A79DA_pal_1E.png" itemID="53c4fe20-00000230" sourceExternalFilepath="../stand/LIBRARY/id_00_tile_000A79DA_pal_1E.png" sourceLastImported="1405418687" externalFileSize="3533" useImportedJPEGData="false" compressionType="lossless" originalCompressionType="lossless" quality="50" href="id_00_tile_000A79DA_pal_1E.png" bitmapDataHRef="M 11 1405419037.dat" frameRight="640" frameBottom="640"/>
          <DOMBitmapItem name="id_00_tile_000A79EA_pal_1E.png" itemID="53c4fe20-00000231" sourceExternalFilepath="../stand/LIBRARY/id_00_tile_000A79EA_pal_1E.png" sourceLastImported="1405418682" externalFileSize="3411" useImportedJPEGData="false" compressionType="lossless" originalCompressionType="lossless" quality="50" href="id_00_tile_000A79EA_pal_1E.png" bitmapDataHRef="M 12 1405419037.dat" frameRight="640" frameBottom="640"/>
          <DOMBitmapItem name="id_00_tile_000A79FA_pal_1E.png" itemID="53c4fe20-00000232" sourceExternalFilepath="../stand/LIBRARY/id_00_tile_000A79FA_pal_1E.png" sourceLastImported="1405418754" externalFileSize="3418" useImportedJPEGData="false" compressionType="lossless" originalCompressionType="lossless" quality="50" href="id_00_tile_000A79FA_pal_1E.png" bitmapDataHRef="M 13 1405419037.dat" frameRight="640" frameBottom="640"/>
          <DOMBitmapItem name="id_00_tile_000A7A0A_pal_1E.png" itemID="53c4fe20-00000233" sourceExternalFilepath="../stand/LIBRARY/id_00_tile_000A7A0A_pal_1E.png" sourceLastImported="1405418746" externalFileSize="3382" useImportedJPEGData="false" compressionType="lossless" originalCompressionType="lossless" quality="50" href="id_00_tile_000A7A0A_pal_1E.png" bitmapDataHRef="M 1 1405419037.dat" frameRight="640" frameBottom="640"/>
          <DOMBitmapItem name="id_00_tile_000A7AF0_pal_1E.png" itemID="53c4fe20-00000234" sourceExternalFilepath="../stand/LIBRARY/id_00_tile_000A7AF0_pal_1E.png" sourceLastImported="1405418738" externalFileSize="3433" useImportedJPEGData="false" compressionType="lossless" originalCompressionType="lossless" quality="50" href="id_00_tile_000A7AF0_pal_1E.png" bitmapDataHRef="M 2 1405419037.dat" frameRight="640" frameBottom="640"/>
          <DOMBitmapItem name="id_00_tile_000A7B7A_pal_1E.png" itemID="53c4fe20-00000235" sourceExternalFilepath="../stand/LIBRARY/id_00_tile_000A7B7A_pal_1E.png" sourceLastImported="1405418733" externalFileSize="3500" useImportedJPEGData="false" compressionType="lossless" originalCompressionType="lossless" quality="50" href="id_00_tile_000A7B7A_pal_1E.png" bitmapDataHRef="M 3 1405419037.dat" frameRight="640" frameBottom="960"/>
          <DOMBitmapItem name="id_00_tile_000A7BF0_pal_1E.png" itemID="53c4fe20-00000236" sourceExternalFilepath="../stand/LIBRARY/id_00_tile_000A7BF0_pal_1E.png" sourceLastImported="1405418725" externalFileSize="3537" useImportedJPEGData="false" compressionType="lossless" originalCompressionType="lossless" quality="50" href="id_00_tile_000A7BF0_pal_1E.png" bitmapDataHRef="M 4 1405419037.dat" frameRight="960" frameBottom="640"/>
          <DOMBitmapItem name="id_00_tile_000A7C0E_pal_1E.png" itemID="53c4fe20-00000237" sourceExternalFilepath="../stand/LIBRARY/id_00_tile_000A7C0E_pal_1E.png" sourceLastImported="1405418720" externalFileSize="3372" useImportedJPEGData="false" compressionType="lossless" originalCompressionType="lossless" quality="50" href="id_00_tile_000A7C0E_pal_1E.png" bitmapDataHRef="M 5 1405419037.dat" frameRight="960" frameBottom="320"/>
          <DOMBitmapItem name="id_00_tile_000A7C26_pal_1E.png" itemID="53c4fe20-00000238" sourceExternalFilepath="../stand/LIBRARY/id_00_tile_000A7C26_pal_1E.png" sourceLastImported="1405418707" externalFileSize="3498" useImportedJPEGData="false" compressionType="lossless" originalCompressionType="lossless" quality="50" href="id_00_tile_000A7C26_pal_1E.png" bitmapDataHRef="M 7 1405419037.dat" frameRight="960" frameBottom="640"/>
          <DOMBitmapItem name="id_00_tile_000A7C44_pal_1E.png" itemID="53c4fe20-00000239" sourceExternalFilepath="../stand/LIBRARY/id_00_tile_000A7C44_pal_1E.png" sourceLastImported="1405418702" externalFileSize="3491" useImportedJPEGData="false" compressionType="lossless" originalCompressionType="lossless" quality="50" href="id_00_tile_000A7C44_pal_1E.png" bitmapDataHRef="M 8 1405419037.dat" frameRight="640" frameBottom="640"/>
          <DOMBitmapItem name="id_00_tile_000A7C5E_pal_1E.png" itemID="53c4fe20-0000023a" sourceExternalFilepath="../stand/LIBRARY/id_00_tile_000A7C5E_pal_1E.png" sourceLastImported="1405418715" externalFileSize="3525" useImportedJPEGData="false" compressionType="lossless" originalCompressionType="lossless" quality="50" href="id_00_tile_000A7C5E_pal_1E.png" bitmapDataHRef="M 6 1405419037.dat" frameRight="640" frameBottom="640"/>
     </media>
     <symbols/>
     <timelines>
          <DOMTimeline name="场景 1" currentFrame="14">
               <layers>
                    <DOMLayer name="图层 2" color="#9933CC">
                         <frames>
                              <DOMFrame index="0" duration="20" name="state:stand" labelType="name" keyMode="9728">
                                   <elements/>
                              </DOMFrame>
                         </frames>
                    </DOMLayer>
                    <DOMLayer name="图层 1" color="#4FFF4F" current="true" isSelected="true">
                         <frames>
                              <DOMFrame index="0" duration="5" keyMode="9728">
                                   <elements>
                                        <DOMBitmapInstance libraryItemName="id_00_tile_000A79B0_pal_1E.png">
                                             <matrix>
                                                  <Matrix tx="0.35" ty="-0.7"/>
                                             </matrix>
                                        </DOMBitmapInstance>
                                   </elements>
                              </DOMFrame>
                              <DOMFrame index="5" duration="5" keyMode="9728">
                                   <elements>
                                        <DOMBitmapInstance libraryItemName="id_00_tile_000A79C0_pal_1E.png">
                                             <matrix>
                                                  <Matrix tx="0.85" ty="0.85"/>
                                             </matrix>
                                        </DOMBitmapInstance>
                                   </elements>
                              </DOMFrame>
                              <DOMFrame index="10" duration="5" keyMode="9728">
                                   <elements>
                                        <DOMBitmapInstance libraryItemName="id_00_tile_000A79B0_pal_1E.png">
                                             <matrix>
                                                  <Matrix tx="-1.8" ty="-0.75"/>
                                             </matrix>
                                        </DOMBitmapInstance>
                                   </elements>
                              </DOMFrame>
                              <DOMFrame index="15" duration="5" keyMode="9728">
                                   <elements>
                                        <DOMBitmapInstance libraryItemName="id_00_tile_000A79C0_pal_1E.png">
                                             <matrix>
                                                  <Matrix tx="-1.8" ty="0.75"/>
                                             </matrix>
                                        </DOMBitmapInstance>
                                   </elements>
                              </DOMFrame>
                         </frames>
                    </DOMLayer>
               </layers>
          </DOMTimeline>
     </timelines>
     <PrinterSettings/>
     <publishHistory/>
</DOMDocument>