<?xpacket begin="﻿" id="W5M0MpCehiHzreSzNTczkc9d"?>
<x:xmpmeta xmlns:x="adobe:ns:meta/" x:xmptk="Adobe XMP Core 5.0-c060 61.134777, 2010/02/12-17:32:00        ">
   <rdf:RDF xmlns:rdf="http://www.w3.org/1999/02/22-rdf-syntax-ns#">
      <rdf:Description rdf:about=""
            xmlns:xmp="http://ns.adobe.com/xap/1.0/">
         <xmp:CreatorTool>Adobe Flash Professional CS5</xmp:CreatorTool>
         <xmp:CreateDate>2012-12-30T12:20:47+08:00</xmp:CreateDate>
         <xmp:MetadataDate>2012-12-31T23:29:45+08:00</xmp:MetadataDate>
         <xmp:ModifyDate>2012-12-31T23:29:45+08:00</xmp:ModifyDate>
      </rdf:Description>
      <rdf:Description rdf:about=""
            xmlns:dc="http://purl.org/dc/elements/1.1/">
         <dc:format>application/vnd.adobe.fla</dc:format>
      </rdf:Description>
      <rdf:Description rdf:about=""
            xmlns:xmpMM="http://ns.adobe.com/xap/1.0/mm/"
            xmlns:stEvt="http://ns.adobe.com/xap/1.0/sType/ResourceEvent#"
            xmlns:stRef="http://ns.adobe.com/xap/1.0/sType/ResourceRef#">
         <xmpMM:InstanceID>xmp.iid:9226118A5E53E211B505C2333CD47160</xmpMM:InstanceID>
         <xmpMM:DocumentID>xmp.did:2A4EC9933552E2118B19B392ADDE3790</xmpMM:DocumentID>
         <xmpMM:OriginalDocumentID>xmp.did:294EC9933552E2118B19B392ADDE3790</xmpMM:OriginalDocumentID>
         <xmpMM:History>
            <rdf:Seq>
               <rdf:li rdf:parseType="Resource">
                  <stEvt:action>created</stEvt:action>
                  <stEvt:instanceID>xmp.iid:294EC9933552E2118B19B392ADDE3790</stEvt:instanceID>
                  <stEvt:when>2012-12-30T12:20:47+08:00</stEvt:when>
                  <stEvt:softwareAgent>Adobe Flash Professional CS5</stEvt:softwareAgent>
               </rdf:li>
               <rdf:li rdf:parseType="Resource">
                  <stEvt:action>saved</stEvt:action>
                  <stEvt:instanceID>xmp.iid:2A4EC9933552E2118B19B392ADDE3790</stEvt:instanceID>
                  <stEvt:when>2012-12-30T12:21:52+08:00</stEvt:when>
                  <stEvt:softwareAgent>Adobe Flash Professional CS5</stEvt:softwareAgent>
                  <stEvt:changed>/</stEvt:changed>
               </rdf:li>
               <rdf:li rdf:parseType="Resource">
                  <stEvt:action>created</stEvt:action>
                  <stEvt:instanceID>xmp.iid:9226118A5E53E211B505C2333CD47160</stEvt:instanceID>
                  <stEvt:when>2012-12-30T12:20:47+08:00</stEvt:when>
                  <stEvt:softwareAgent>Adobe Flash Professional CS5</stEvt:softwareAgent>
               </rdf:li>
            </rdf:Seq>
         </xmpMM:History>
         <xmpMM:DerivedFrom rdf:parseType="Resource">
            <stRef:instanceID>xmp.iid:294EC9933552E2118B19B392ADDE3790</stRef:instanceID>
            <stRef:documentID>xmp.did:294EC9933552E2118B19B392ADDE3790</stRef:documentID>
            <stRef:originalDocumentID>xmp.did:294EC9933552E2118B19B392ADDE3790</stRef:originalDocumentID>
         </xmpMM:DerivedFrom>
      </rdf:Description>
   </rdf:RDF>
</x:xmpmeta>
                                                                                                    
                                                                                                    
                                                                                                    
                                                                                                    
                                                                                                    
                                                                                                    
                                                                                                    
                                                                                                    
                                                                                                    
                                                                                                    
                                                                                                    
                                                                                                    
                                                                                                    
                                                                                                    
                                                                                                    
                                                                                                    
                                                                                                    
                                                                                                    
                                                                                                    
                                                                                                    
                           
<?xpacket end="w"?>