<DOMDocument xmlns:xsi="http://www.w3.org/2001/XMLSchema-instance" xmlns="http://ns.adobe.com/xfl/2008/" width="1315" height="480" currentTimeline="1" xflVersion="2.0" creatorInfo="Adobe Flash Professional CS5" platform="Windows" versionInfo="Saved by Adobe Flash Windows 11.0 build 485" majorVersion="11" buildNumber="485" viewAngle3D="102.4395452127" nextSceneIdentifier="2" playOptionsPlayLoop="false" playOptionsPlayPages="false" playOptionsPlayFrameActions="false">
     <media>
          <DOMBitmapItem name="back-1.png" itemID="50decb0f-000001f4" sourceExternalFilepath=".\LIBRARY\back-1.png" sourceLastImported="1356778217" externalFileSize="14606" useImportedJPEGData="false" compressionType="lossless" originalCompressionType="lossless" quality="50" href="back-1.png" bitmapDataHRef="M 3 1356778255.dat" frameRight="5120" frameBottom="4480"/>
          <DOMBitmapItem name="back-2.png" itemID="50decb0f-000001f9" sourceExternalFilepath=".\LIBRARY\back-2.png" sourceLastImported="1356778165" externalFileSize="18772" useImportedJPEGData="false" compressionType="lossless" originalCompressionType="lossless" quality="50" href="back-2.png" bitmapDataHRef="M 4 1356778255.dat" frameRight="5120" frameBottom="4480"/>
          <DOMBitmapItem name="back-3.png" itemID="50decb0f-000001fe" sourceExternalFilepath=".\LIBRARY\back-3.png" sourceLastImported="1356778136" externalFileSize="4679" useImportedJPEGData="false" compressionType="lossless" originalCompressionType="lossless" quality="50" href="back-3.png" bitmapDataHRef="M 5 1356778255.dat" frameRight="2560" frameBottom="4480"/>
          <DOMBitmapItem name="image 203.png" itemID="50deccdb-0000022e" sourceExternalFilepath=".\LIBRARY\image 203.png" sourceLastImported="1355901981" useImportedJPEGData="false" compressionType="lossless" originalCompressionType="lossless" quality="50" href="image 203.png" bitmapDataHRef="M 6 1356778698.dat" frameRight="840" frameBottom="840"/>
     </media>
     <symbols>
          <Include href="元件 1.xml" itemIcon="1" loadImmediate="false"/>
          <Include href="元件 2.xml" itemIcon="1" loadImmediate="false"/>
          <Include href="元件 3.xml" itemIcon="1" loadImmediate="false"/>
          <Include href="元件 4.xml" itemIcon="1" loadImmediate="false"/>
     </symbols>
     <timelines>
          <DOMTimeline name="场景 1" currentFrame="29">
               <layers>
                    <DOMLayer name="back-3.png" color="#FF800A" current="true" isSelected="true" autoNamed="false">
                         <frames>
                              <DOMFrame index="0" duration="30" keyMode="9728">
                                   <elements>
                                        <DOMSymbolInstance libraryItemName="元件 3" name="" symbolType="graphic" loop="loop">
                                             <matrix>
                                                  <Matrix a="2.28555297851563" d="2.28570556640625" tx="1169.2" ty="512.35"/>
                                             </matrix>
                                             <transformationPoint>
                                                  <Point y="-112"/>
                                             </transformationPoint>
                                        </DOMSymbolInstance>
                                   </elements>
                              </DOMFrame>
                         </frames>
                    </DOMLayer>
                    <DOMLayer name="image 203.png" color="#808080" autoNamed="false">
                         <frames>
                              <DOMFrame index="0" keyMode="9728">
                                   <elements>
                                        <DOMSymbolInstance libraryItemName="元件 4" name="" selected="true">
                                             <matrix>
                                                  <Matrix tx="235" ty="235"/>
                                             </matrix>
                                             <transformationPoint>
                                                  <Point x="21" y="21"/>
                                             </transformationPoint>
                                        </DOMSymbolInstance>
                                   </elements>
                              </DOMFrame>
                              <DOMFrame index="1" keyMode="9728">
                                   <elements>
                                        <DOMSymbolInstance libraryItemName="元件 4" name="" selected="true">
                                             <matrix>
                                                  <Matrix tx="270.4" ty="218.15"/>
                                             </matrix>
                                             <transformationPoint>
                                                  <Point x="21" y="21"/>
                                             </transformationPoint>
                                        </DOMSymbolInstance>
                                   </elements>
                              </DOMFrame>
                              <DOMFrame index="2" keyMode="9728">
                                   <elements>
                                        <DOMSymbolInstance libraryItemName="元件 4" name="" selected="true">
                                             <matrix>
                                                  <Matrix tx="305.8" ty="201.3"/>
                                             </matrix>
                                             <transformationPoint>
                                                  <Point x="21" y="21"/>
                                             </transformationPoint>
                                        </DOMSymbolInstance>
                                   </elements>
                              </DOMFrame>
                              <DOMFrame index="3" keyMode="9728">
                                   <elements>
                                        <DOMSymbolInstance libraryItemName="元件 4" name="" selected="true">
                                             <matrix>
                                                  <Matrix tx="341.2" ty="184.45"/>
                                             </matrix>
                                             <transformationPoint>
                                                  <Point x="21" y="21"/>
                                             </transformationPoint>
                                        </DOMSymbolInstance>
                                   </elements>
                              </DOMFrame>
                              <DOMFrame index="4" keyMode="9728">
                                   <elements>
                                        <DOMSymbolInstance libraryItemName="元件 4" name="" selected="true">
                                             <matrix>
                                                  <Matrix tx="376.6" ty="167.55"/>
                                             </matrix>
                                             <transformationPoint>
                                                  <Point x="21" y="21"/>
                                             </transformationPoint>
                                        </DOMSymbolInstance>
                                   </elements>
                              </DOMFrame>
                              <DOMFrame index="5" keyMode="9728">
                                   <elements>
                                        <DOMSymbolInstance libraryItemName="元件 4" name="" selected="true">
                                             <matrix>
                                                  <Matrix tx="412" ty="150.7"/>
                                             </matrix>
                                             <transformationPoint>
                                                  <Point x="21" y="21"/>
                                             </transformationPoint>
                                        </DOMSymbolInstance>
                                   </elements>
                              </DOMFrame>
                              <DOMFrame index="6" keyMode="9728">
                                   <elements>
                                        <DOMSymbolInstance libraryItemName="元件 4" name="" selected="true">
                                             <matrix>
                                                  <Matrix tx="447.4" ty="133.85"/>
                                             </matrix>
                                             <transformationPoint>
                                                  <Point x="21" y="21"/>
                                             </transformationPoint>
                                        </DOMSymbolInstance>
                                   </elements>
                              </DOMFrame>
                              <DOMFrame index="7" keyMode="9728">
                                   <elements>
                                        <DOMSymbolInstance libraryItemName="元件 4" name="" selected="true">
                                             <matrix>
                                                  <Matrix tx="482.8" ty="116.95"/>
                                             </matrix>
                                             <transformationPoint>
                                                  <Point x="21" y="21"/>
                                             </transformationPoint>
                                        </DOMSymbolInstance>
                                   </elements>
                              </DOMFrame>
                              <DOMFrame index="8" keyMode="9728">
                                   <elements>
                                        <DOMSymbolInstance libraryItemName="元件 4" name="" selected="true">
                                             <matrix>
                                                  <Matrix tx="527.5" ty="124.25"/>
                                             </matrix>
                                             <transformationPoint>
                                                  <Point x="21" y="21"/>
                                             </transformationPoint>
                                        </DOMSymbolInstance>
                                   </elements>
                              </DOMFrame>
                              <DOMFrame index="9" keyMode="9728">
                                   <elements>
                                        <DOMSymbolInstance libraryItemName="元件 4" name="" selected="true">
                                             <matrix>
                                                  <Matrix tx="572.2" ty="131.5"/>
                                             </matrix>
                                             <transformationPoint>
                                                  <Point x="21" y="21"/>
                                             </transformationPoint>
                                        </DOMSymbolInstance>
                                   </elements>
                              </DOMFrame>
                              <DOMFrame index="10" keyMode="9728">
                                   <elements>
                                        <DOMSymbolInstance libraryItemName="元件 4" name="" selected="true">
                                             <matrix>
                                                  <Matrix tx="616.85" ty="138.8"/>
                                             </matrix>
                                             <transformationPoint>
                                                  <Point x="21" y="21"/>
                                             </transformationPoint>
                                        </DOMSymbolInstance>
                                   </elements>
                              </DOMFrame>
                              <DOMFrame index="11" keyMode="9728">
                                   <elements>
                                        <DOMSymbolInstance libraryItemName="元件 4" name="" selected="true">
                                             <matrix>
                                                  <Matrix tx="661.6" ty="146.05"/>
                                             </matrix>
                                             <transformationPoint>
                                                  <Point x="21" y="21"/>
                                             </transformationPoint>
                                        </DOMSymbolInstance>
                                   </elements>
                              </DOMFrame>
                              <DOMFrame index="12" keyMode="9728">
                                   <elements>
                                        <DOMSymbolInstance libraryItemName="元件 4" name="" selected="true">
                                             <matrix>
                                                  <Matrix tx="706.3" ty="153.35"/>
                                             </matrix>
                                             <transformationPoint>
                                                  <Point x="21" y="21"/>
                                             </transformationPoint>
                                        </DOMSymbolInstance>
                                   </elements>
                              </DOMFrame>
                              <DOMFrame index="13" keyMode="9728">
                                   <elements>
                                        <DOMSymbolInstance libraryItemName="元件 4" name="" selected="true">
                                             <matrix>
                                                  <Matrix tx="751" ty="160.6"/>
                                             </matrix>
                                             <transformationPoint>
                                                  <Point x="21" y="21"/>
                                             </transformationPoint>
                                        </DOMSymbolInstance>
                                   </elements>
                              </DOMFrame>
                              <DOMFrame index="14" keyMode="9728">
                                   <elements>
                                        <DOMSymbolInstance libraryItemName="元件 4" name="" selected="true">
                                             <matrix>
                                                  <Matrix tx="795.7" ty="167.9"/>
                                             </matrix>
                                             <transformationPoint>
                                                  <Point x="21" y="21"/>
                                             </transformationPoint>
                                        </DOMSymbolInstance>
                                   </elements>
                              </DOMFrame>
                              <DOMFrame index="15" keyMode="9728">
                                   <elements>
                                        <DOMSymbolInstance libraryItemName="元件 4" name="" selected="true">
                                             <matrix>
                                                  <Matrix tx="840.45" ty="175.15"/>
                                             </matrix>
                                             <transformationPoint>
                                                  <Point x="21" y="21"/>
                                             </transformationPoint>
                                        </DOMSymbolInstance>
                                   </elements>
                              </DOMFrame>
                              <DOMFrame index="16" keyMode="9728">
                                   <elements>
                                        <DOMSymbolInstance libraryItemName="元件 4" name="" selected="true">
                                             <matrix>
                                                  <Matrix tx="885.15" ty="182.45"/>
                                             </matrix>
                                             <transformationPoint>
                                                  <Point x="21" y="21"/>
                                             </transformationPoint>
                                        </DOMSymbolInstance>
                                   </elements>
                              </DOMFrame>
                              <DOMFrame index="17" keyMode="9728">
                                   <elements>
                                        <DOMSymbolInstance libraryItemName="元件 4" name="" selected="true">
                                             <matrix>
                                                  <Matrix tx="929.85" ty="189.7"/>
                                             </matrix>
                                             <transformationPoint>
                                                  <Point x="21" y="21"/>
                                             </transformationPoint>
                                        </DOMSymbolInstance>
                                   </elements>
                              </DOMFrame>
                              <DOMFrame index="18" keyMode="9728">
                                   <elements>
                                        <DOMSymbolInstance libraryItemName="元件 4" name="" selected="true">
                                             <matrix>
                                                  <Matrix tx="974.6" ty="196.95"/>
                                             </matrix>
                                             <transformationPoint>
                                                  <Point x="21" y="21"/>
                                             </transformationPoint>
                                        </DOMSymbolInstance>
                                   </elements>
                              </DOMFrame>
                              <DOMFrame index="19" keyMode="9728">
                                   <elements>
                                        <DOMSymbolInstance libraryItemName="元件 4" name="" selected="true">
                                             <matrix>
                                                  <Matrix tx="907.35" ty="200.45"/>
                                             </matrix>
                                             <transformationPoint>
                                                  <Point x="21" y="21"/>
                                             </transformationPoint>
                                        </DOMSymbolInstance>
                                   </elements>
                              </DOMFrame>
                              <DOMFrame index="20" keyMode="9728">
                                   <elements>
                                        <DOMSymbolInstance libraryItemName="元件 4" name="" selected="true">
                                             <matrix>
                                                  <Matrix tx="840.1" ty="203.9"/>
                                             </matrix>
                                             <transformationPoint>
                                                  <Point x="21" y="21"/>
                                             </transformationPoint>
                                        </DOMSymbolInstance>
                                   </elements>
                              </DOMFrame>
                              <DOMFrame index="21" keyMode="9728">
                                   <elements>
                                        <DOMSymbolInstance libraryItemName="元件 4" name="" selected="true">
                                             <matrix>
                                                  <Matrix tx="772.9" ty="207.35"/>
                                             </matrix>
                                             <transformationPoint>
                                                  <Point x="21" y="21"/>
                                             </transformationPoint>
                                        </DOMSymbolInstance>
                                   </elements>
                              </DOMFrame>
                              <DOMFrame index="22" keyMode="9728">
                                   <elements>
                                        <DOMSymbolInstance libraryItemName="元件 4" name="" selected="true">
                                             <matrix>
                                                  <Matrix tx="705.6" ty="210.85"/>
                                             </matrix>
                                             <transformationPoint>
                                                  <Point x="21" y="21"/>
                                             </transformationPoint>
                                        </DOMSymbolInstance>
                                   </elements>
                              </DOMFrame>
                              <DOMFrame index="23" keyMode="9728">
                                   <elements>
                                        <DOMSymbolInstance libraryItemName="元件 4" name="" selected="true">
                                             <matrix>
                                                  <Matrix tx="638.35" ty="214.3"/>
                                             </matrix>
                                             <transformationPoint>
                                                  <Point x="21" y="21"/>
                                             </transformationPoint>
                                        </DOMSymbolInstance>
                                   </elements>
                              </DOMFrame>
                              <DOMFrame index="24" keyMode="9728">
                                   <elements>
                                        <DOMSymbolInstance libraryItemName="元件 4" name="" selected="true">
                                             <matrix>
                                                  <Matrix tx="571.2" ty="217.75"/>
                                             </matrix>
                                             <transformationPoint>
                                                  <Point x="21" y="21"/>
                                             </transformationPoint>
                                        </DOMSymbolInstance>
                                   </elements>
                              </DOMFrame>
                              <DOMFrame index="25" keyMode="9728">
                                   <elements>
                                        <DOMSymbolInstance libraryItemName="元件 4" name="" selected="true">
                                             <matrix>
                                                  <Matrix tx="503.95" ty="221.2"/>
                                             </matrix>
                                             <transformationPoint>
                                                  <Point x="21" y="21"/>
                                             </transformationPoint>
                                        </DOMSymbolInstance>
                                   </elements>
                              </DOMFrame>
                              <DOMFrame index="26" keyMode="9728">
                                   <elements>
                                        <DOMSymbolInstance libraryItemName="元件 4" name="" selected="true">
                                             <matrix>
                                                  <Matrix tx="436.65" ty="224.7"/>
                                             </matrix>
                                             <transformationPoint>
                                                  <Point x="21" y="21"/>
                                             </transformationPoint>
                                        </DOMSymbolInstance>
                                   </elements>
                              </DOMFrame>
                              <DOMFrame index="27" keyMode="9728">
                                   <elements>
                                        <DOMSymbolInstance libraryItemName="元件 4" name="" selected="true">
                                             <matrix>
                                                  <Matrix tx="369.4" ty="228.15"/>
                                             </matrix>
                                             <transformationPoint>
                                                  <Point x="21" y="21"/>
                                             </transformationPoint>
                                        </DOMSymbolInstance>
                                   </elements>
                              </DOMFrame>
                              <DOMFrame index="28" keyMode="9728">
                                   <elements>
                                        <DOMSymbolInstance libraryItemName="元件 4" name="" selected="true">
                                             <matrix>
                                                  <Matrix tx="302.15" ty="231.6"/>
                                             </matrix>
                                             <transformationPoint>
                                                  <Point x="21" y="21"/>
                                             </transformationPoint>
                                        </DOMSymbolInstance>
                                   </elements>
                              </DOMFrame>
                              <DOMFrame index="29" keyMode="9728">
                                   <elements>
                                        <DOMSymbolInstance libraryItemName="元件 4" name="" centerPoint3DX="255.95" centerPoint3DY="256.05">
                                             <matrix>
                                                  <Matrix tx="234.95" ty="235.05"/>
                                             </matrix>
                                             <transformationPoint>
                                                  <Point x="21" y="21"/>
                                             </transformationPoint>
                                        </DOMSymbolInstance>
                                   </elements>
                              </DOMFrame>
                         </frames>
                    </DOMLayer>
                    <DOMLayer name="back-2.png" color="#FF4FFF" autoNamed="false">
                         <frames>
                              <DOMFrame index="0" duration="30" keyMode="9728">
                                   <elements>
                                        <DOMSymbolInstance libraryItemName="元件 2" name="" symbolType="graphic" loop="loop">
                                             <matrix>
                                                  <Matrix a="2" d="2.28570556640625" tx="767.35" ty="512.35"/>
                                             </matrix>
                                             <transformationPoint>
                                                  <Point y="-112"/>
                                             </transformationPoint>
                                        </DOMSymbolInstance>
                                   </elements>
                              </DOMFrame>
                         </frames>
                    </DOMLayer>
                    <DOMLayer name="back-1.png" color="#4FFFFF" autoNamed="false">
                         <frames>
                              <DOMFrame index="0" duration="30" keyMode="9728">
                                   <elements>
                                        <DOMSymbolInstance libraryItemName="元件 1" name="" symbolType="graphic" loop="loop">
                                             <matrix>
                                                  <Matrix a="2" d="2.28570556640625" tx="256" ty="512"/>
                                             </matrix>
                                             <transformationPoint>
                                                  <Point y="-112"/>
                                             </transformationPoint>
                                        </DOMSymbolInstance>
                                   </elements>
                              </DOMFrame>
                         </frames>
                    </DOMLayer>
               </layers>
          </DOMTimeline>
     </timelines>
     <swatchLists>
          <swatchList>
               <swatches>
                    <SolidSwatchItem/>
                    <SolidSwatchItem/>
                    <SolidSwatchItem/>
                    <SolidSwatchItem/>
                    <SolidSwatchItem color="#003300" hue="80" saturation="239" brightness="24"/>
                    <SolidSwatchItem color="#006600" hue="80" saturation="239" brightness="48"/>
                    <SolidSwatchItem color="#009900" hue="80" saturation="239" brightness="72"/>
                    <SolidSwatchItem color="#00CC00" hue="80" saturation="239" brightness="96"/>
                    <SolidSwatchItem color="#00FF00" hue="80" saturation="239" brightness="120"/>
                    <SolidSwatchItem color="#330000" saturation="239" brightness="24"/>
                    <SolidSwatchItem color="#333300" hue="40" saturation="239" brightness="24"/>
                    <SolidSwatchItem color="#336600" hue="60" saturation="239" brightness="48"/>
                    <SolidSwatchItem color="#339900" hue="67" saturation="239" brightness="72"/>
                    <SolidSwatchItem color="#33CC00" hue="70" saturation="239" brightness="96"/>
                    <SolidSwatchItem color="#33FF00" hue="72" saturation="239" brightness="120"/>
                    <SolidSwatchItem color="#660000" saturation="239" brightness="48"/>
                    <SolidSwatchItem color="#663300" hue="20" saturation="239" brightness="48"/>
                    <SolidSwatchItem color="#666600" hue="40" saturation="239" brightness="48"/>
                    <SolidSwatchItem color="#669900" hue="53" saturation="239" brightness="72"/>
                    <SolidSwatchItem color="#66CC00" hue="60" saturation="239" brightness="96"/>
                    <SolidSwatchItem color="#66FF00" hue="64" saturation="239" brightness="120"/>
                    <SolidSwatchItem/>
                    <SolidSwatchItem color="#333333" brightness="48"/>
                    <SolidSwatchItem/>
                    <SolidSwatchItem color="#000033" hue="160" saturation="239" brightness="24"/>
                    <SolidSwatchItem color="#003333" hue="120" saturation="239" brightness="24"/>
                    <SolidSwatchItem color="#006633" hue="100" saturation="239" brightness="48"/>
                    <SolidSwatchItem color="#009933" hue="93" saturation="239" brightness="72"/>
                    <SolidSwatchItem color="#00CC33" hue="90" saturation="239" brightness="96"/>
                    <SolidSwatchItem color="#00FF33" hue="88" saturation="239" brightness="120"/>
                    <SolidSwatchItem color="#330033" hue="200" saturation="239" brightness="24"/>
                    <SolidSwatchItem color="#333333" brightness="48"/>
                    <SolidSwatchItem color="#336633" hue="80" saturation="80" brightness="72"/>
                    <SolidSwatchItem color="#339933" hue="80" saturation="120" brightness="96"/>
                    <SolidSwatchItem color="#33CC33" hue="80" saturation="144" brightness="120"/>
                    <SolidSwatchItem color="#33FF33" hue="80" saturation="239" brightness="144"/>
                    <SolidSwatchItem color="#660033" hue="220" saturation="239" brightness="48"/>
                    <SolidSwatchItem color="#663333" saturation="80" brightness="72"/>
                    <SolidSwatchItem color="#666633" hue="40" saturation="80" brightness="72"/>
                    <SolidSwatchItem color="#669933" hue="60" saturation="120" brightness="96"/>
                    <SolidSwatchItem color="#66CC33" hue="67" saturation="144" brightness="120"/>
                    <SolidSwatchItem color="#66FF33" hue="70" saturation="239" brightness="144"/>
                    <SolidSwatchItem/>
                    <SolidSwatchItem color="#666666" brightness="96"/>
                    <SolidSwatchItem/>
                    <SolidSwatchItem color="#000066" hue="160" saturation="239" brightness="48"/>
                    <SolidSwatchItem color="#003366" hue="140" saturation="239" brightness="48"/>
                    <SolidSwatchItem color="#006666" hue="120" saturation="239" brightness="48"/>
                    <SolidSwatchItem color="#009966" hue="107" saturation="239" brightness="72"/>
                    <SolidSwatchItem color="#00CC66" hue="100" saturation="239" brightness="96"/>
                    <SolidSwatchItem color="#00FF66" hue="96" saturation="239" brightness="120"/>
                    <SolidSwatchItem color="#330066" hue="180" saturation="239" brightness="48"/>
                    <SolidSwatchItem color="#333366" hue="160" saturation="80" brightness="72"/>
                    <SolidSwatchItem color="#336666" hue="120" saturation="80" brightness="72"/>
                    <SolidSwatchItem color="#339966" hue="100" saturation="120" brightness="96"/>
                    <SolidSwatchItem color="#33CC66" hue="93" saturation="144" brightness="120"/>
                    <SolidSwatchItem color="#33FF66" hue="90" saturation="239" brightness="144"/>
                    <SolidSwatchItem color="#660066" hue="200" saturation="239" brightness="48"/>
                    <SolidSwatchItem color="#663366" hue="200" saturation="80" brightness="72"/>
                    <SolidSwatchItem color="#666666" brightness="96"/>
                    <SolidSwatchItem color="#669966" hue="80" saturation="48" brightness="120"/>
                    <SolidSwatchItem color="#66CC66" hue="80" saturation="120" brightness="144"/>
                    <SolidSwatchItem color="#66FF66" hue="80" saturation="239" brightness="168"/>
                    <SolidSwatchItem/>
                    <SolidSwatchItem color="#999999" brightness="144"/>
                    <SolidSwatchItem/>
                    <SolidSwatchItem color="#000099" hue="160" saturation="239" brightness="72"/>
                    <SolidSwatchItem color="#003399" hue="147" saturation="239" brightness="72"/>
                    <SolidSwatchItem color="#006699" hue="133" saturation="239" brightness="72"/>
                    <SolidSwatchItem color="#009999" hue="120" saturation="239" brightness="72"/>
                    <SolidSwatchItem color="#00CC99" hue="110" saturation="239" brightness="96"/>
                    <SolidSwatchItem color="#00FF99" hue="104" saturation="239" brightness="120"/>
                    <SolidSwatchItem color="#330099" hue="173" saturation="239" brightness="72"/>
                    <SolidSwatchItem color="#333399" hue="160" saturation="120" brightness="96"/>
                    <SolidSwatchItem color="#336699" hue="140" saturation="120" brightness="96"/>
                    <SolidSwatchItem color="#339999" hue="120" saturation="120" brightness="96"/>
                    <SolidSwatchItem color="#33CC99" hue="107" saturation="144" brightness="120"/>
                    <SolidSwatchItem color="#33FF99" hue="100" saturation="239" brightness="144"/>
                    <SolidSwatchItem color="#660099" hue="187" saturation="239" brightness="72"/>
                    <SolidSwatchItem color="#663399" hue="180" saturation="120" brightness="96"/>
                    <SolidSwatchItem color="#666699" hue="160" saturation="48" brightness="120"/>
                    <SolidSwatchItem color="#669999" hue="120" saturation="48" brightness="120"/>
                    <SolidSwatchItem color="#66CC99" hue="100" saturation="120" brightness="144"/>
                    <SolidSwatchItem color="#66FF99" hue="93" saturation="239" brightness="168"/>
                    <SolidSwatchItem/>
                    <SolidSwatchItem color="#CCCCCC" brightness="192"/>
                    <SolidSwatchItem/>
                    <SolidSwatchItem color="#0000CC" hue="160" saturation="239" brightness="96"/>
                    <SolidSwatchItem color="#0033CC" hue="150" saturation="239" brightness="96"/>
                    <SolidSwatchItem color="#0066CC" hue="140" saturation="239" brightness="96"/>
                    <SolidSwatchItem color="#0099CC" hue="130" saturation="239" brightness="96"/>
                    <SolidSwatchItem color="#00CCCC" hue="120" saturation="239" brightness="96"/>
                    <SolidSwatchItem color="#00FFCC" hue="112" saturation="239" brightness="120"/>
                    <SolidSwatchItem color="#3300CC" hue="170" saturation="239" brightness="96"/>
                    <SolidSwatchItem color="#3333CC" hue="160" saturation="144" brightness="120"/>
                    <SolidSwatchItem color="#3366CC" hue="147" saturation="144" brightness="120"/>
                    <SolidSwatchItem color="#3399CC" hue="133" saturation="144" brightness="120"/>
                    <SolidSwatchItem color="#33CCCC" hue="120" saturation="144" brightness="120"/>
                    <SolidSwatchItem color="#33FFCC" hue="110" saturation="239" brightness="144"/>
                    <SolidSwatchItem color="#6600CC" hue="180" saturation="239" brightness="96"/>
                    <SolidSwatchItem color="#6633CC" hue="173" saturation="144" brightness="120"/>
                    <SolidSwatchItem color="#6666CC" hue="160" saturation="120" brightness="144"/>
                    <SolidSwatchItem color="#6699CC" hue="140" saturation="120" brightness="144"/>
                    <SolidSwatchItem color="#66CCCC" hue="120" saturation="120" brightness="144"/>
                    <SolidSwatchItem color="#66FFCC" hue="107" saturation="239" brightness="168"/>
                    <SolidSwatchItem/>
                    <SolidSwatchItem color="#FFFFFF" brightness="240"/>
                    <SolidSwatchItem/>
                    <SolidSwatchItem color="#0000FF" hue="160" saturation="239" brightness="120"/>
                    <SolidSwatchItem color="#0033FF" hue="152" saturation="239" brightness="120"/>
                    <SolidSwatchItem color="#0066FF" hue="144" saturation="239" brightness="120"/>
                    <SolidSwatchItem color="#0099FF" hue="136" saturation="239" brightness="120"/>
                    <SolidSwatchItem color="#00CCFF" hue="128" saturation="239" brightness="120"/>
                    <SolidSwatchItem color="#00FFFF" hue="120" saturation="239" brightness="120"/>
                    <SolidSwatchItem color="#3300FF" hue="168" saturation="239" brightness="120"/>
                    <SolidSwatchItem color="#3333FF" hue="160" saturation="239" brightness="144"/>
                    <SolidSwatchItem color="#3366FF" hue="150" saturation="239" brightness="144"/>
                    <SolidSwatchItem color="#3399FF" hue="140" saturation="239" brightness="144"/>
                    <SolidSwatchItem color="#33CCFF" hue="130" saturation="239" brightness="144"/>
                    <SolidSwatchItem color="#33FFFF" hue="120" saturation="239" brightness="144"/>
                    <SolidSwatchItem color="#6600FF" hue="176" saturation="239" brightness="120"/>
                    <SolidSwatchItem color="#6633FF" hue="170" saturation="239" brightness="144"/>
                    <SolidSwatchItem color="#6666FF" hue="160" saturation="239" brightness="168"/>
                    <SolidSwatchItem color="#6699FF" hue="147" saturation="239" brightness="168"/>
                    <SolidSwatchItem color="#66CCFF" hue="133" saturation="239" brightness="168"/>
                    <SolidSwatchItem color="#66FFFF" hue="120" saturation="239" brightness="168"/>
                    <SolidSwatchItem/>
                    <SolidSwatchItem color="#FF0000" saturation="239" brightness="120"/>
                    <SolidSwatchItem/>
                    <SolidSwatchItem color="#990000" saturation="239" brightness="72"/>
                    <SolidSwatchItem color="#993300" hue="13" saturation="239" brightness="72"/>
                    <SolidSwatchItem color="#996600" hue="27" saturation="239" brightness="72"/>
                    <SolidSwatchItem color="#999900" hue="40" saturation="239" brightness="72"/>
                    <SolidSwatchItem color="#99CC00" hue="50" saturation="239" brightness="96"/>
                    <SolidSwatchItem color="#99FF00" hue="56" saturation="239" brightness="120"/>
                    <SolidSwatchItem color="#CC0000" saturation="239" brightness="96"/>
                    <SolidSwatchItem color="#CC3300" hue="10" saturation="239" brightness="96"/>
                    <SolidSwatchItem color="#CC6600" hue="20" saturation="239" brightness="96"/>
                    <SolidSwatchItem color="#CC9900" hue="30" saturation="239" brightness="96"/>
                    <SolidSwatchItem color="#CCCC00" hue="40" saturation="239" brightness="96"/>
                    <SolidSwatchItem color="#CCFF00" hue="48" saturation="239" brightness="120"/>
                    <SolidSwatchItem color="#FF0000" saturation="239" brightness="120"/>
                    <SolidSwatchItem color="#FF3300" hue="8" saturation="239" brightness="120"/>
                    <SolidSwatchItem color="#FF6600" hue="16" saturation="239" brightness="120"/>
                    <SolidSwatchItem color="#FF9900" hue="24" saturation="239" brightness="120"/>
                    <SolidSwatchItem color="#FFCC00" hue="32" saturation="239" brightness="120"/>
                    <SolidSwatchItem color="#FFFF00" hue="40" saturation="239" brightness="120"/>
                    <SolidSwatchItem/>
                    <SolidSwatchItem color="#00FF00" hue="80" saturation="239" brightness="120"/>
                    <SolidSwatchItem/>
                    <SolidSwatchItem color="#990033" hue="227" saturation="239" brightness="72"/>
                    <SolidSwatchItem color="#993333" saturation="120" brightness="96"/>
                    <SolidSwatchItem color="#996633" hue="20" saturation="120" brightness="96"/>
                    <SolidSwatchItem color="#999933" hue="40" saturation="120" brightness="96"/>
                    <SolidSwatchItem color="#99CC33" hue="53" saturation="144" brightness="120"/>
                    <SolidSwatchItem color="#99FF33" hue="60" saturation="239" brightness="144"/>
                    <SolidSwatchItem color="#CC0033" hue="230" saturation="239" brightness="96"/>
                    <SolidSwatchItem color="#CC3333" saturation="144" brightness="120"/>
                    <SolidSwatchItem color="#CC6633" hue="13" saturation="144" brightness="120"/>
                    <SolidSwatchItem color="#CC9933" hue="27" saturation="144" brightness="120"/>
                    <SolidSwatchItem color="#CCCC33" hue="40" saturation="144" brightness="120"/>
                    <SolidSwatchItem color="#CCFF33" hue="50" saturation="239" brightness="144"/>
                    <SolidSwatchItem color="#FF0033" hue="232" saturation="239" brightness="120"/>
                    <SolidSwatchItem color="#FF3333" saturation="239" brightness="144"/>
                    <SolidSwatchItem color="#FF6633" hue="10" saturation="239" brightness="144"/>
                    <SolidSwatchItem color="#FF9933" hue="20" saturation="239" brightness="144"/>
                    <SolidSwatchItem color="#FFCC33" hue="30" saturation="239" brightness="144"/>
                    <SolidSwatchItem color="#FFFF33" hue="40" saturation="239" brightness="144"/>
                    <SolidSwatchItem/>
                    <SolidSwatchItem color="#0000FF" hue="160" saturation="239" brightness="120"/>
                    <SolidSwatchItem/>
                    <SolidSwatchItem color="#990066" hue="213" saturation="239" brightness="72"/>
                    <SolidSwatchItem color="#993366" hue="220" saturation="120" brightness="96"/>
                    <SolidSwatchItem color="#996666" saturation="48" brightness="120"/>
                    <SolidSwatchItem color="#999966" hue="40" saturation="48" brightness="120"/>
                    <SolidSwatchItem color="#99CC66" hue="60" saturation="120" brightness="144"/>
                    <SolidSwatchItem color="#99FF66" hue="67" saturation="239" brightness="168"/>
                    <SolidSwatchItem color="#CC0066" hue="220" saturation="239" brightness="96"/>
                    <SolidSwatchItem color="#CC3366" hue="227" saturation="144" brightness="120"/>
                    <SolidSwatchItem color="#CC6666" saturation="120" brightness="144"/>
                    <SolidSwatchItem color="#CC9966" hue="20" saturation="120" brightness="144"/>
                    <SolidSwatchItem color="#CCCC66" hue="40" saturation="120" brightness="144"/>
                    <SolidSwatchItem color="#CCFF66" hue="53" saturation="239" brightness="168"/>
                    <SolidSwatchItem color="#FF0066" hue="224" saturation="239" brightness="120"/>
                    <SolidSwatchItem color="#FF3366" hue="230" saturation="239" brightness="144"/>
                    <SolidSwatchItem color="#FF6666" saturation="239" brightness="168"/>
                    <SolidSwatchItem color="#FF9966" hue="13" saturation="239" brightness="168"/>
                    <SolidSwatchItem color="#FFCC66" hue="27" saturation="239" brightness="168"/>
                    <SolidSwatchItem color="#FFFF66" hue="40" saturation="239" brightness="168"/>
                    <SolidSwatchItem/>
                    <SolidSwatchItem color="#FFFF00" hue="40" saturation="239" brightness="120"/>
                    <SolidSwatchItem/>
                    <SolidSwatchItem color="#990099" hue="200" saturation="239" brightness="72"/>
                    <SolidSwatchItem color="#993399" hue="200" saturation="120" brightness="96"/>
                    <SolidSwatchItem color="#996699" hue="200" saturation="48" brightness="120"/>
                    <SolidSwatchItem color="#999999" brightness="144"/>
                    <SolidSwatchItem color="#99CC99" hue="80" saturation="80" brightness="168"/>
                    <SolidSwatchItem color="#99FF99" hue="80" saturation="239" brightness="192"/>
                    <SolidSwatchItem color="#CC0099" hue="210" saturation="239" brightness="96"/>
                    <SolidSwatchItem color="#CC3399" hue="213" saturation="144" brightness="120"/>
                    <SolidSwatchItem color="#CC6699" hue="220" saturation="120" brightness="144"/>
                    <SolidSwatchItem color="#CC9999" saturation="80" brightness="168"/>
                    <SolidSwatchItem color="#CCCC99" hue="40" saturation="80" brightness="168"/>
                    <SolidSwatchItem color="#CCFF99" hue="60" saturation="239" brightness="192"/>
                    <SolidSwatchItem color="#FF0099" hue="216" saturation="239" brightness="120"/>
                    <SolidSwatchItem color="#FF3399" hue="220" saturation="239" brightness="144"/>
                    <SolidSwatchItem color="#FF6699" hue="227" saturation="239" brightness="168"/>
                    <SolidSwatchItem color="#FF9999" saturation="239" brightness="192"/>
                    <SolidSwatchItem color="#FFCC99" hue="20" saturation="239" brightness="192"/>
                    <SolidSwatchItem color="#FFFF99" hue="40" saturation="239" brightness="192"/>
                    <SolidSwatchItem/>
                    <SolidSwatchItem color="#00FFFF" hue="120" saturation="239" brightness="120"/>
                    <SolidSwatchItem/>
                    <SolidSwatchItem color="#9900CC" hue="190" saturation="239" brightness="96"/>
                    <SolidSwatchItem color="#9933CC" hue="187" saturation="144" brightness="120"/>
                    <SolidSwatchItem color="#9966CC" hue="180" saturation="120" brightness="144"/>
                    <SolidSwatchItem color="#9999CC" hue="160" saturation="80" brightness="168"/>
                    <SolidSwatchItem color="#99CCCC" hue="120" saturation="80" brightness="168"/>
                    <SolidSwatchItem color="#99FFCC" hue="100" saturation="239" brightness="192"/>
                    <SolidSwatchItem color="#CC00CC" hue="200" saturation="239" brightness="96"/>
                    <SolidSwatchItem color="#CC33CC" hue="200" saturation="144" brightness="120"/>
                    <SolidSwatchItem color="#CC66CC" hue="200" saturation="120" brightness="144"/>
                    <SolidSwatchItem color="#CC99CC" hue="200" saturation="80" brightness="168"/>
                    <SolidSwatchItem color="#CCCCCC" brightness="192"/>
                    <SolidSwatchItem color="#CCFFCC" hue="80" saturation="239" brightness="216"/>
                    <SolidSwatchItem color="#FF00CC" hue="208" saturation="239" brightness="120"/>
                    <SolidSwatchItem color="#FF33CC" hue="210" saturation="239" brightness="144"/>
                    <SolidSwatchItem color="#FF66CC" hue="213" saturation="239" brightness="168"/>
                    <SolidSwatchItem color="#FF99CC" hue="220" saturation="239" brightness="192"/>
                    <SolidSwatchItem color="#FFCCCC" saturation="239" brightness="216"/>
                    <SolidSwatchItem color="#FFFFCC" hue="40" saturation="239" brightness="216"/>
                    <SolidSwatchItem/>
                    <SolidSwatchItem color="#FF00FF" hue="200" saturation="239" brightness="120"/>
                    <SolidSwatchItem/>
                    <SolidSwatchItem color="#9900FF" hue="184" saturation="239" brightness="120"/>
                    <SolidSwatchItem color="#9933FF" hue="180" saturation="239" brightness="144"/>
                    <SolidSwatchItem color="#9966FF" hue="173" saturation="239" brightness="168"/>
                    <SolidSwatchItem color="#9999FF" hue="160" saturation="239" brightness="192"/>
                    <SolidSwatchItem color="#99CCFF" hue="140" saturation="239" brightness="192"/>
                    <SolidSwatchItem color="#99FFFF" hue="120" saturation="239" brightness="192"/>
                    <SolidSwatchItem color="#CC00FF" hue="192" saturation="239" brightness="120"/>
                    <SolidSwatchItem color="#CC33FF" hue="190" saturation="239" brightness="144"/>
                    <SolidSwatchItem color="#CC66FF" hue="187" saturation="239" brightness="168"/>
                    <SolidSwatchItem color="#CC99FF" hue="180" saturation="239" brightness="192"/>
                    <SolidSwatchItem color="#CCCCFF" hue="160" saturation="239" brightness="216"/>
                    <SolidSwatchItem color="#CCFFFF" hue="120" saturation="239" brightness="216"/>
                    <SolidSwatchItem color="#FF00FF" hue="200" saturation="239" brightness="120"/>
                    <SolidSwatchItem color="#FF33FF" hue="200" saturation="239" brightness="144"/>
                    <SolidSwatchItem color="#FF66FF" hue="200" saturation="239" brightness="168"/>
                    <SolidSwatchItem color="#FF99FF" hue="200" saturation="239" brightness="192"/>
                    <SolidSwatchItem color="#FFCCFF" hue="200" saturation="239" brightness="216"/>
                    <SolidSwatchItem color="#FFFFFF" brightness="240"/>
               </swatches>
          </swatchList>
     </swatchLists>
     <extendedSwatchLists>
          <swatchList>
               <swatches>
                    <LinearGradientSwatchItem>
                         <GradientEntry color="#FFFFFF" ratio="0"/>
                         <GradientEntry ratio="1"/>
                    </LinearGradientSwatchItem>
                    <RadialGradientSwatchItem>
                         <GradientEntry color="#FFFFFF" ratio="0"/>
                         <GradientEntry ratio="1"/>
                    </RadialGradientSwatchItem>
                    <RadialGradientSwatchItem>
                         <GradientEntry color="#FF0000" ratio="0"/>
                         <GradientEntry ratio="1"/>
                    </RadialGradientSwatchItem>
                    <RadialGradientSwatchItem>
                         <GradientEntry color="#00FF00" ratio="0"/>
                         <GradientEntry ratio="1"/>
                    </RadialGradientSwatchItem>
                    <RadialGradientSwatchItem>
                         <GradientEntry color="#0000FF" ratio="0"/>
                         <GradientEntry ratio="1"/>
                    </RadialGradientSwatchItem>
                    <LinearGradientSwatchItem>
                         <GradientEntry color="#0066FD" ratio="0"/>
                         <GradientEntry color="#FFFFFF" ratio="0.376470588235294"/>
                         <GradientEntry color="#FFFFFF" ratio="0.47843137254902"/>
                         <GradientEntry color="#996600" ratio="0.501960784313725"/>
                         <GradientEntry color="#FFCC00" ratio="0.666666666666667"/>
                         <GradientEntry color="#FFFFFF" ratio="1"/>
                    </LinearGradientSwatchItem>
                    <LinearGradientSwatchItem>
                         <GradientEntry color="#FF0000" ratio="0"/>
                         <GradientEntry color="#FFFF00" ratio="0.164705882352941"/>
                         <GradientEntry color="#00FF00" ratio="0.364705882352941"/>
                         <GradientEntry color="#00FFFF" ratio="0.498039215686275"/>
                         <GradientEntry color="#0000FF" ratio="0.666666666666667"/>
                         <GradientEntry color="#FF00FF" ratio="0.831372549019608"/>
                         <GradientEntry color="#FF0000" ratio="1"/>
                    </LinearGradientSwatchItem>
               </swatches>
          </swatchList>
     </extendedSwatchLists>
     <PrinterSettings/>
     <publishHistory/>
</DOMDocument>