<DOMSymbolItem xmlns:xsi="http://www.w3.org/2001/XMLSchema-instance" xmlns="http://ns.adobe.com/xfl/2008/" name="元件 1" itemID="53c50a71-000002d7" lastModified="1405422298">
  <timeline>
    <DOMTimeline name="元件 1">
      <layers>
        <DOMLayer name="图层 1" color="#4FFF4F" current="true" isSelected="true">
          <frames>
            <DOMFrame index="0" duration="3" keyMode="9728">
              <elements>
                <DOMBitmapInstance libraryItemName="id_00_tile_000A7AF0_pal_1E.png">
                  <matrix>
                    <Matrix tx="-20.65" ty="-19.65"/>
                  </matrix>
                </DOMBitmapInstance>
              </elements>
            </DOMFrame>
            <DOMFrame index="3" duration="3" keyMode="9728">
              <elements>
                <DOMBitmapInstance libraryItemName="id_00_tile_000A7B7A_pal_1E.png">
                  <matrix>
                    <Matrix tx="-19.65" ty="-29.5"/>
                  </matrix>
                </DOMBitmapInstance>
              </elements>
            </DOMFrame>
            <DOMFrame index="6" duration="4" keyMode="9728">
              <elements>
                <DOMBitmapInstance libraryItemName="id_00_tile_000A79EA_pal_1E.png">
                  <matrix>
                    <Matrix tx="-21.15" ty="-27.15"/>
                  </matrix>
                </DOMBitmapInstance>
              </elements>
            </DOMFrame>
            <DOMFrame index="10" duration="5" keyMode="9728">
              <elements>
                <DOMBitmapInstance libraryItemName="id_00_tile_000A7A0A_pal_1E.png">
                  <matrix>
                    <Matrix tx="-18.65" ty="-27.65"/>
                  </matrix>
                </DOMBitmapInstance>
              </elements>
            </DOMFrame>
            <DOMFrame index="15" duration="5" keyMode="9728">
              <elements>
                <DOMBitmapInstance libraryItemName="id_00_tile_000A79FA_pal_1E.png">
                  <matrix>
                    <Matrix tx="-24.15" ty="-28.15"/>
                  </matrix>
                </DOMBitmapInstance>
              </elements>
            </DOMFrame>
            <DOMFrame index="20" duration="4" keyMode="9728">
              <elements>
                <DOMBitmapInstance libraryItemName="id_00_tile_000A79EA_pal_1E.png">
                  <matrix>
                    <Matrix tx="-21.15" ty="-27.65"/>
                  </matrix>
                </DOMBitmapInstance>
              </elements>
            </DOMFrame>
            <DOMFrame index="24" duration="4" keyMode="9728">
              <elements>
                <DOMBitmapInstance libraryItemName="id_00_tile_000A7B7A_pal_1E.png">
                  <matrix>
                    <Matrix tx="-19.15" ty="-29.5"/>
                  </matrix>
                </DOMBitmapInstance>
              </elements>
            </DOMFrame>
            <DOMFrame index="28" keyMode="9728">
              <elements>
                <DOMBitmapInstance libraryItemName="id_00_tile_000A7AF0_pal_1E.png">
                  <matrix>
                    <Matrix tx="-20.8" ty="-19.75"/>
                  </matrix>
                </DOMBitmapInstance>
              </elements>
            </DOMFrame>
          </frames>
        </DOMLayer>
      </layers>
    </DOMTimeline>
  </timeline>
</DOMSymbolItem>