<?xpacket begin="﻿" id="W5M0MpCehiHzreSzNTczkc9d"?>
<x:xmpmeta xmlns:x="adobe:ns:meta/" x:xmptk="Adobe XMP Core 5.0-c060 61.134777, 2010/02/12-17:32:00        ">
   <rdf:RDF xmlns:rdf="http://www.w3.org/1999/02/22-rdf-syntax-ns#">
      <rdf:Description rdf:about=""
            xmlns:xmp="http://ns.adobe.com/xap/1.0/">
         <xmp:CreatorTool>Adobe Flash Professional CS5</xmp:CreatorTool>
         <xmp:CreateDate>2013-01-25T12:03:09+08:00</xmp:CreateDate>
         <xmp:MetadataDate>2013-01-26T13:19:20+08:00</xmp:MetadataDate>
         <xmp:ModifyDate>2013-01-26T13:19:20+08:00</xmp:ModifyDate>
      </rdf:Description>
      <rdf:Description rdf:about=""
            xmlns:dc="http://purl.org/dc/elements/1.1/">
         <dc:format>application/vnd.adobe.fla</dc:format>
      </rdf:Description>
      <rdf:Description rdf:about=""
            xmlns:xmpMM="http://ns.adobe.com/xap/1.0/mm/"
            xmlns:stEvt="http://ns.adobe.com/xap/1.0/sType/ResourceEvent#"
            xmlns:stRef="http://ns.adobe.com/xap/1.0/sType/ResourceRef#">
         <xmpMM:InstanceID>xmp.iid:179D28D77767E211AB59FB5410608874</xmpMM:InstanceID>
         <xmpMM:DocumentID>xmp.did:916CD676A566E211BC67836D52210F78</xmpMM:DocumentID>
         <xmpMM:OriginalDocumentID>xmp.did:8E6CD676A566E211BC67836D52210F78</xmpMM:OriginalDocumentID>
         <xmpMM:History>
            <rdf:Seq>
               <rdf:li rdf:parseType="Resource">
                  <stEvt:action>created</stEvt:action>
                  <stEvt:instanceID>xmp.iid:8E6CD676A566E211BC67836D52210F78</stEvt:instanceID>
                  <stEvt:when>2013-01-25T12:03:09+08:00</stEvt:when>
                  <stEvt:softwareAgent>Adobe Flash Professional CS5</stEvt:softwareAgent>
               </rdf:li>
               <rdf:li rdf:parseType="Resource">
                  <stEvt:action>saved</stEvt:action>
                  <stEvt:instanceID>xmp.iid:916CD676A566E211BC67836D52210F78</stEvt:instanceID>
                  <stEvt:when>2013-01-25T18:07:34+08:00</stEvt:when>
                  <stEvt:softwareAgent>Adobe Flash Professional CS5</stEvt:softwareAgent>
                  <stEvt:changed>/</stEvt:changed>
               </rdf:li>
               <rdf:li rdf:parseType="Resource">
                  <stEvt:action>created</stEvt:action>
                  <stEvt:instanceID>xmp.iid:179D28D77767E211AB59FB5410608874</stEvt:instanceID>
                  <stEvt:when>2013-01-25T12:03:09+08:00</stEvt:when>
                  <stEvt:softwareAgent>Adobe Flash Professional CS5</stEvt:softwareAgent>
               </rdf:li>
            </rdf:Seq>
         </xmpMM:History>
         <xmpMM:DerivedFrom rdf:parseType="Resource">
            <stRef:instanceID>xmp.iid:8E6CD676A566E211BC67836D52210F78</stRef:instanceID>
            <stRef:documentID>xmp.did:8E6CD676A566E211BC67836D52210F78</stRef:documentID>
            <stRef:originalDocumentID>xmp.did:8E6CD676A566E211BC67836D52210F78</stRef:originalDocumentID>
         </xmpMM:DerivedFrom>
      </rdf:Description>
   </rdf:RDF>
</x:xmpmeta>
                                                                                                    
                                                                                                    
                                                                                                    
                                                                                                    
                                                                                                    
                                                                                                    
                                                                                                    
                                                                                                    
                                                                                                    
                                                                                                    
                                                                                                    
                                                                                                    
                                                                                                    
                                                                                                    
                                                                                                    
                                                                                                    
                                                                                                    
                                                                                                    
                                                                                                    
                                                                                                    
                           
<?xpacket end="w"?>