<DOMSymbolItem xmlns:xsi="http://www.w3.org/2001/XMLSchema-instance" xmlns="http://ns.adobe.com/xfl/2008/" name="light2" itemID="50f4f8fe-00000228" sourceLibraryItemHRef="元件 2" symbolType="graphic" lastModified="1358231806">
  <timeline>
    <DOMTimeline name="light2">
      <layers>
        <DOMLayer name="图层 1" color="#4FFF4F" current="true" isSelected="true">
          <frames>
            <DOMFrame index="0" keyMode="9728">
              <elements>
                <DOMBitmapInstance name="" referenceID="" selected="true" libraryItemName="light2.png">
                  <matrix>
                    <Matrix tx="-18" ty="-58"/>
                  </matrix>
                </DOMBitmapInstance>
              </elements>
            </DOMFrame>
          </frames>
        </DOMLayer>
      </layers>
    </DOMTimeline>
  </timeline>
</DOMSymbolItem>