<?xpacket begin="﻿" id="W5M0MpCehiHzreSzNTczkc9d"?>
<x:xmpmeta xmlns:x="adobe:ns:meta/" x:xmptk="Adobe XMP Core 5.2-c003 61.141987, 2011/02/22-12:03:51        ">
   <rdf:RDF xmlns:rdf="http://www.w3.org/1999/02/22-rdf-syntax-ns#">
      <rdf:Description rdf:about=""
            xmlns:xmp="http://ns.adobe.com/xap/1.0/">
         <xmp:CreatorTool>Adobe Flash Professional CS5.5 - build 325</xmp:CreatorTool>
         <xmp:CreateDate>2014-07-15T18:30:30+08:00</xmp:CreateDate>
         <xmp:MetadataDate>2014-07-15T18:30:39+08:00</xmp:MetadataDate>
         <xmp:ModifyDate>2014-07-15T18:30:39+08:00</xmp:ModifyDate>
      </rdf:Description>
      <rdf:Description rdf:about=""
            xmlns:dc="http://purl.org/dc/elements/1.1/">
         <dc:format>application/vnd.adobe.fla</dc:format>
      </rdf:Description>
      <rdf:Description rdf:about=""
            xmlns:xmpMM="http://ns.adobe.com/xap/1.0/mm/"
            xmlns:stEvt="http://ns.adobe.com/xap/1.0/sType/ResourceEvent#">
         <xmpMM:InstanceID>xmp.iid:34C00026080CE411BCF4B6781A189D8C</xmpMM:InstanceID>
         <xmpMM:DocumentID>xmp.did:34C00026080CE411BCF4B6781A189D8C</xmpMM:DocumentID>
         <xmpMM:OriginalDocumentID>xmp.did:34C00026080CE411BCF4B6781A189D8C</xmpMM:OriginalDocumentID>
         <xmpMM:History>
            <rdf:Seq>
               <rdf:li rdf:parseType="Resource">
                  <stEvt:action>created</stEvt:action>
                  <stEvt:instanceID>xmp.iid:34C00026080CE411BCF4B6781A189D8C</stEvt:instanceID>
                  <stEvt:when>2014-07-15T18:30:30+08:00</stEvt:when>
                  <stEvt:softwareAgent>Adobe Flash Professional CS5.5 - build 325</stEvt:softwareAgent>
               </rdf:li>
            </rdf:Seq>
         </xmpMM:History>
      </rdf:Description>
   </rdf:RDF>
</x:xmpmeta>
                                                                                                    
                                                                                                    
                                                                                                    
                                                                                                    
                                                                                                    
                                                                                                    
                                                                                                    
                                                                                                    
                                                                                                    
                                                                                                    
                                                                                                    
                                                                                                    
                                                                                                    
                                                                                                    
                                                                                                    
                                                                                                    
                                                                                                    
                                                                                                    
                                                                                                    
                                                                                                    
                           
<?xpacket end="w"?>