<?xpacket begin="﻿" id="W5M0MpCehiHzreSzNTczkc9d"?>
<x:xmpmeta xmlns:x="adobe:ns:meta/" x:xmptk="Adobe XMP Core 5.0-c060 61.134777, 2010/02/12-17:32:00        ">
   <rdf:RDF xmlns:rdf="http://www.w3.org/1999/02/22-rdf-syntax-ns#">
      <rdf:Description rdf:about=""
            xmlns:xmp="http://ns.adobe.com/xap/1.0/">
         <xmp:CreatorTool>Adobe Flash Professional CS5</xmp:CreatorTool>
         <xmp:CreateDate>2012-12-21T12:37:22+08:00</xmp:CreateDate>
         <xmp:MetadataDate>2012-12-22T11:33:46+08:00</xmp:MetadataDate>
         <xmp:ModifyDate>2012-12-22T11:33:46+08:00</xmp:ModifyDate>
      </rdf:Description>
      <rdf:Description rdf:about=""
            xmlns:dc="http://purl.org/dc/elements/1.1/">
         <dc:format>application/vnd.adobe.fla</dc:format>
      </rdf:Description>
      <rdf:Description rdf:about=""
            xmlns:xmpMM="http://ns.adobe.com/xap/1.0/mm/"
            xmlns:stEvt="http://ns.adobe.com/xap/1.0/sType/ResourceEvent#"
            xmlns:stRef="http://ns.adobe.com/xap/1.0/sType/ResourceRef#">
         <xmpMM:InstanceID>xmp.iid:A0AE4002E84BE2119B48DDE896B1BAE7</xmpMM:InstanceID>
         <xmpMM:DocumentID>xmp.did:2166FCD3324BE2119DB3D57CD5DE2D99</xmpMM:DocumentID>
         <xmpMM:OriginalDocumentID>xmp.did:F944B32F284BE2118FC1A59217527198</xmpMM:OriginalDocumentID>
         <xmpMM:History>
            <rdf:Seq>
               <rdf:li rdf:parseType="Resource">
                  <stEvt:action>created</stEvt:action>
                  <stEvt:instanceID>xmp.iid:F944B32F284BE2118FC1A59217527198</stEvt:instanceID>
                  <stEvt:when>2012-12-21T12:37:22+08:00</stEvt:when>
                  <stEvt:softwareAgent>Adobe Flash Professional CS5</stEvt:softwareAgent>
               </rdf:li>
               <rdf:li rdf:parseType="Resource">
                  <stEvt:action>created</stEvt:action>
                  <stEvt:instanceID>xmp.iid:FA44B32F284BE2118FC1A59217527198</stEvt:instanceID>
                  <stEvt:when>2012-12-21T12:37:22+08:00</stEvt:when>
                  <stEvt:softwareAgent>Adobe Flash Professional CS5</stEvt:softwareAgent>
               </rdf:li>
               <rdf:li rdf:parseType="Resource">
                  <stEvt:action>created</stEvt:action>
                  <stEvt:instanceID>xmp.iid:2066FCD3324BE2119DB3D57CD5DE2D99</stEvt:instanceID>
                  <stEvt:when>2012-12-21T12:37:22+08:00</stEvt:when>
                  <stEvt:softwareAgent>Adobe Flash Professional CS5</stEvt:softwareAgent>
               </rdf:li>
               <rdf:li rdf:parseType="Resource">
                  <stEvt:action>saved</stEvt:action>
                  <stEvt:instanceID>xmp.iid:2166FCD3324BE2119DB3D57CD5DE2D99</stEvt:instanceID>
                  <stEvt:when>2012-12-21T13:54:38+08:00</stEvt:when>
                  <stEvt:softwareAgent>Adobe Flash Professional CS5</stEvt:softwareAgent>
                  <stEvt:changed>/</stEvt:changed>
               </rdf:li>
               <rdf:li rdf:parseType="Resource">
                  <stEvt:action>created</stEvt:action>
                  <stEvt:instanceID>xmp.iid:A0AE4002E84BE2119B48DDE896B1BAE7</stEvt:instanceID>
                  <stEvt:when>2012-12-21T12:37:22+08:00</stEvt:when>
                  <stEvt:softwareAgent>Adobe Flash Professional CS5</stEvt:softwareAgent>
               </rdf:li>
            </rdf:Seq>
         </xmpMM:History>
         <xmpMM:DerivedFrom rdf:parseType="Resource">
            <stRef:instanceID>xmp.iid:2066FCD3324BE2119DB3D57CD5DE2D99</stRef:instanceID>
            <stRef:documentID>xmp.did:2066FCD3324BE2119DB3D57CD5DE2D99</stRef:documentID>
            <stRef:originalDocumentID>xmp.did:F944B32F284BE2118FC1A59217527198</stRef:originalDocumentID>
         </xmpMM:DerivedFrom>
      </rdf:Description>
   </rdf:RDF>
</x:xmpmeta>
                                                                                                    
                                                                                                    
                                                                                                    
                                                                                                    
                                                                                                    
                                                                                                    
                                                                                                    
                                                                                                    
                                                                                                    
                                                                                                    
                                                                                                    
                                                                                                    
                                                                                                    
                                                                                                    
                                                                                                    
                                                                                                    
                                                                                                    
                                                                                                    
                                                                                                    
                                                                                                    
                           
<?xpacket end="w"?>